Timestamp,I am a:,I identify as:,Broccoli,Mushrooms,Beef Tacos,Salads,Black Licorice,Steak,Grilled Chicken,Mayonnaise,Candy Corn,Pulled Pork,Spicy Mustard,Raw Oysters,Bananas,Avocado,Eggs,Olives,Tofu,Cottage Cheese,Black Panther,Pitch Perfect,Star Wars: The Last Jedi,It,The Big Sick,Lady Bird,Pirates of the Caribbean,Despicable Me,Beauty and the Beast,The Purge,Mamma Mia,Crazy Rich Asians,Girls Trip,The Incredibles
1/2/2019 16:25:09,Faculty member,Male,3,4,5,3,2,4,4,4,1,5,4,5,2,3,3,4,1,3,3,,4,,,,,,,,,,,3
1/2/2019 16:25:25,Student,Male,5,3,1,4,4,5,4,3,4,5,5,2,5,5,5,5,1,2,4,1,3,5,3,3,5,2,2,1,2,3,3,5
1/2/2019 16:25:37,Student,Female,3,2,4,4,1,3,5,3,2,5,1,1,4,4,5,1,1,4,2,3,1,3,3,3,3,3,5,3,2,3,4,5
1/2/2019 16:25:45,Student,Female,3,3,4,5,1,5,5,1,4,5,2,1,4,5,4,1,1,2,5,3,5,1,1,1,5,5,2,3,4,4,4,5
1/2/2019 16:25:47,Student,Male,3,2,5,3,1,5,4,1,3,5,3,2,4,5,5,4,2,1,1,3,5,5,3,2,4,4,3,5,2,3,3,5
1/2/2019 16:27:25,Student,Male,3,3,3,3,1,5,4,4,1,4,3,3,3,3,4,2,1,2,3,3,4,1,3,3,4,3,3,4,3,3,3,4
1/2/2019 16:28:28,Student,Female,5,5,4,4,2,4,4,3,2,4,5,2,4,4,4,1,4,2,3,3,3,2,1,1,4,3,4,5,5,2,2,3
1/2/2019 16:28:44,Student,Male,1,1,5,3,3,5,5,1,2,4,3,1,4,4,5,1,2,2,4,2,1,3,1,1,4,2,2,4,2,3,2,4
1/2/2019 16:29:47,Student,Male,3,2,5,5,5,4,4,3,2,4,3,2,4,2,5,1,4,2,3,1,4,4,3,3,4,2,4,3,2,5,3,5
1/2/2019 16:31:25,Student,Female,3,5,3,5,2,5,5,3,4,5,3,2,5,4,5,1,4,2,5,4,5,1,2,3,4,3,3,2,3,5,1,5
1/2/2019 16:32:11,Student,Female,2,1,4,1,1,5,5,3,5,5,2,1,3,2,5,1,1,1,5,5,5,3,2,2,5,3,5,,1,3,2,5
1/2/2019 16:32:34,Student,Male,4,1,4,4,1,5,5,3,4,5,2,2,4,1,5,1,1,4,5,2,4,,,,4,3,3,3,,,,4
1/2/2019 16:32:40,Student,Female,4,2,3,5,3,3,5,2,1,4,4,3,5,5,4,3,4,3,5,3,5,,,,4,3,3,,,5,5,5
1/2/2019 16:33:08,Student,Male,5,2,1,5,1,1,5,3,1,1,3,1,4,1,3,1,1,1,5,1,2,1,1,1,4,1,1,4,1,1,2,5
1/2/2019 16:33:24,Student,Male,2,2,4,4,2,5,5,5,1,5,3,1,5,5,5,2,2,5,5,5,5,1,1,1,5,3,4,4,4,4,3,5
1/2/2019 16:34:02,Student,Male,3,3,5,3,1,5,4,4,2,5,2,4,4,4,5,1,1,3,5,4,5,1,1,1,5,4,3,2,2,1,1,5
1/2/2019 16:34:49,Student,Male,1,2,4,3,1,5,4,3,3,5,3,2,5,4,5,1,1,1,4,4,3,4,2,5,3,5,2,4,,,,5
1/2/2019 16:34:55,Student,Female,3,5,4,5,1,3,5,3,4,4,5,3,5,5,5,2,1,5,4,2,5,4,3,3,5,3,5,4,5,2,2,4
1/2/2019 16:35:27,Student,Male,2,4,3,3,1,4,4,3,3,3,2,2,3,3,3,3,1,4,3,3,3,3,3,3,5,4,3,3,3,3,3,5
1/2/2019 16:35:42,Student,Male,5,5,5,4,1,5,5,2,3,4,3,2,5,1,5,1,1,2,5,4,5,5,3,2,5,4,3,4,1,3,3,4
1/2/2019 16:35:43,Student,Male,3,2,5,5,2,5,5,3,3,4,3,1,5,5,5,1,2,3,5,1,4,3,3,3,5,4,3,4,2,2,2,5
1/2/2019 16:35:48,Student,Male,5,4,4,1,3,5,5,1,1,4,3,3,5,3,5,3,3,3,3,3,3,3,3,3,3,3,3,4,3,3,3,4
1/2/2019 16:36:06,Student,Male,4,2,5,3,4,5,3,3,4,5,2,1,5,5,5,4,,2,5,,4,5,,,4,4,3,3,,,,5
1/2/2019 16:36:19,Student,Male,1,1,5,3,1,5,5,5,1,5,3,2,4,3,5,1,1,1,4,2,5,3,2,2,5,3,3,3,3,3,3,5
1/2/2019 16:36:34,Student,Female,4,3,5,5,2,5,5,3,1,5,3,3,4,5,5,4,1,1,3,3,4,5,,,5,4,3,3,5,5,5,5
1/2/2019 16:36:34,Student,Female,4,5,2,4,2,5,4,1,1,4,2,4,4,5,5,1,5,1,,4,,,,,4,3,5,,5,5,,4
1/2/2019 16:36:34,Student,Male,5,5,2,5,3,4,4,1,4,4,3,1,2,5,4,1,3,1,2,4,3,1,1,4,4,4,4,1,2,4,2,5
1/2/2019 16:36:52,Student,Male,4,5,2,5,1,5,5,3,1,4,5,4,5,5,3,2,3,3,4,3,1,3,3,3,3,4,4,3,3,3,3,4
1/2/2019 16:37:23,Student,Male,4,1,5,4,2,5,5,3,2,4,5,3,4,3,5,1,1,2,4,,4,,,,5,5,2,,,,,5
1/2/2019 16:37:57,Student,Female,4,2,3,5,1,5,5,5,5,5,1,3,4,4,5,4,3,1,3,4,5,1,3,3,4,4,4,1,5,5,3,4
1/2/2019 16:38:38,Student,Male,4,2,5,4,3,5,5,3,2,5,5,4,5,5,5,4,5,1,4,4,4,3,3,3,4,3,3,3,3,3,3,4
1/2/2019 16:39:22,Student,Female,3,1,5,4,1,5,3,1,5,4,3,1,4,4,3,1,3,4,3,5,2,2,3,1,4,5,5,5,5,4,5,5
1/2/2019 16:39:47,Student,Male,3,3,2,5,3,5,5,5,5,5,2,3,5,3,5,5,3,5,5,5,5,5,5,5,5,5,5,5,5,5,5,5
1/2/2019 16:40:32,Student,Female,5,3,3,5,1,1,3,1,3,1,1,1,5,5,1,1,5,2,5,5,3,3,3,3,5,3,5,5,3,5,3,3
1/2/2019 16:40:41,Student,Male,3,2,5,2,1,4,4,4,2,5,5,2,3,4,4,3,1,2,4,3,1,4,3,2,2,3,3,4,2,1,1,5
1/2/2019 16:40:56,Student,Male,4,2,5,5,1,5,5,3,3,4,2,3,4,5,5,3,2,2,5,2,5,4,3,3,4,4,3,2,2,3,2,5
1/2/2019 16:41:08,Student,Male,1,1,2,2,2,3,5,1,3,4,1,1,4,2,4,1,1,3,3,2,2,3,3,3,5,3,2,4,5,5,4,3
1/2/2019 16:41:31,Student,Female,3,4,5,4,1,5,4,2,1,3,2,4,5,5,3,1,3,2,5,5,4,3,3,3,5,5,5,4,3,5,4,5
1/2/2019 16:41:47,Student,Male,4,1,3,3,1,5,5,4,2,5,5,1,5,5,5,2,1,1,3,2,3,1,1,1,3,3,3,2,4,1,1,5
1/2/2019 16:42:10,Student,Male,4,5,3,3,1,5,4,3,1,4,5,5,5,5,5,5,2,2,5,2,5,1,3,3,4,4,4,2,1,3,3,5
1/2/2019 16:42:19,Student,Male,3,2,3,4,1,5,5,2,3,4,2,1,4,3,4,2,1,1,4,1,1,3,3,1,5,5,5,4,2,3,2,5
1/2/2019 16:42:33,Student,Male,5,1,2,3,1,5,5,1,4,4,1,1,5,1,5,1,2,1,2,1,2,1,3,3,3,4,4,3,3,3,3,5
1/2/2019 16:43:08,Student,Female,2,1,5,5,1,4,5,2,1,1,1,1,3,5,5,1,1,1,5,4,1,5,1,1,3,4,4,1,2,1,1,4
1/2/2019 16:43:09,Student,Female,5,2,1,5,2,1,1,1,5,1,5,1,5,5,5,1,4,3,3,1,4,5,2,2,2,3,3,5,5,5,1,5
1/2/2019 16:44:01,Student,Male,2,2,4,1,4,5,4,2,3,4,5,2,3,4,3,4,1,1,3,4,3,4,1,1,5,2,2,3,4,4,3,4
1/2/2019 16:44:14,Student,Male,4,4,1,4,2,5,4,2,1,4,1,5,5,5,5,4,2,3,5,3,5,3,3,3,2,3,3,4,3,4,3,5
1/2/2019 16:44:25,Student,Female,4,4,4,4,1,4,4,4,3,4,3,3,3,3,3,3,1,1,5,4,3,3,3,3,5,3,4,2,4,5,3,5
1/2/2019 16:45:36,Student,Male,5,3,5,5,1,5,5,4,1,4,2,1,5,5,5,5,1,4,4,3,2,5,3,3,4,2,2,5,4,2,3,5
1/2/2019 16:46:08,Student,Male,3,3,5,2,1,5,5,3,2,4,4,4,4,5,5,4,1,4,5,,5,2,,,5,5,3,,,,,5
1/2/2019 16:47:20,Student,Female,3,1,5,4,1,1,5,1,1,3,1,1,3,3,4,1,1,1,4,5,5,2,1,1,5,5,5,3,3,3,2,5
1/2/2019 16:47:41,Student,Female,5,1,5,5,1,4,5,1,4,5,4,3,3,3,5,5,2,1,,3,,4,,,2,3,3,4,,,,5
1/2/2019 16:48:04,Student,Male,4,3,4,4,2,5,5,4,4,5,4,2,5,3,4,1,,4,,,,4,,,5,4,3,,,,,5
1/2/2019 16:48:20,Student,Male,4,1,5,5,3,5,5,4,3,4,2,1,5,2,5,1,2,1,4,4,5,5,3,2,5,4,3,4,4,3,2,5
1/2/2019 16:48:24,Student,Male,5,5,5,5,3,5,5,4,4,5,5,5,5,5,5,5,3,4,5,4,5,3,3,3,4,4,4,3,3,3,3,5
1/2/2019 16:48:36,Student,Female,4,4,3,3,2,5,4,1,3,4,1,3,4,3,3,4,2,1,4,5,5,3,3,3,5,4,4,3,5,5,3,5
1/2/2019 16:48:50,Student,Male,4,3,4,2,1,5,3,4,3,4,4,5,4,5,5,3,4,2,5,4,4,3,2,2,4,5,3,2,2,5,2,5
1/2/2019 16:48:50,Student,Male,2,1,5,4,1,5,4,4,3,5,2,1,5,2,2,1,1,1,3,1,4,1,2,2,5,3,3,3,1,2,2,2
1/2/2019 16:49:26,Student,Female,3,1,4,4,1,4,5,3,4,2,1,1,5,5,5,1,1,4,3,5,4,1,3,3,3,5,5,1,5,5,3,5
1/2/2019 16:49:47,Student,Male,3,2,4,3,,5,4,5,,5,4,,3,2,5,2,,,4,2,5,,,,,,,,,,,4
1/2/2019 16:51:26,Student,Female,3,3,4,4,1,5,4,3,1,3,1,1,5,3,5,1,1,1,4,5,1,1,1,1,1,3,5,5,1,1,5,5
1/2/2019 16:56:21,Student,Male,5,2,5,5,3,5,5,5,5,5,3,1,5,5,5,1,1,5,3,5,3,5,3,3,5,5,5,5,3,3,3,5
1/2/2019 16:57:02,Student,Female,3,5,5,4,2,5,5,5,3,2,4,1,5,5,3,2,1,2,5,3,3,1,3,3,5,4,5,3,3,4,3,5
1/2/2019 16:57:04,Student,Female,5,3,4,5,1,4,4,2,1,4,1,1,5,3,4,2,1,3,5,2,3,4,2,5,2,2,2,4,2,5,1,4
1/2/2019 16:58:11,Student,Male,3,1,5,3,1,5,5,4,2,5,1,1,5,5,5,1,1,1,4,5,4,5,3,5,3,4,3,3,2,2,1,5
1/2/2019 17:01:17,Student,Female,4,1,5,5,1,5,5,4,5,5,3,1,4,4,5,1,1,1,5,5,3,2,3,3,5,5,5,3,5,5,4,5
1/2/2019 17:01:52,Student,Male,3,1,5,4,3,5,5,1,4,5,2,1,4,2,4,4,2,2,4,5,2,3,3,3,4,4,2,1,2,3,3,4
1/2/2019 17:03:24,Student,Male,4,5,5,4,1,5,5,3,5,5,5,5,5,5,5,3,5,2,5,3,5,5,3,3,4,5,4,5,3,4,3,5
1/2/2019 17:04:14,Student,Male,3,1,4,5,1,5,4,4,5,5,5,2,4,3,4,1,1,2,3,2,3,4,3,,4,4,,5,,4,,4
1/2/2019 17:05:20,Faculty member,Male,2,4,5,3,5,5,5,3,2,5,5,1,5,5,5,2,4,1,3,3,2,3,3,3,4,4,3,3,2,3,3,5
1/2/2019 17:06:54,Student,Male,4,4,4,5,1,5,5,4,1,5,3,3,5,5,5,2,3,3,5,1,5,1,3,2,5,4,3,2,1,1,1,5
1/2/2019 17:06:58,Student,Male,4,3,2,5,1,3,5,1,1,3,3,1,5,5,5,3,5,1,5,4,1,1,1,1,5,5,3,2,1,1,1,5
1/2/2019 17:07:14,Student,Male,2,2,4,3,2,5,5,1,5,4,1,1,5,3,3,2,2,2,4,5,4,3,3,2,4,3,4,4,3,2,3,5
1/2/2019 17:07:15,Student,Male,3,2,5,3,1,5,5,3,2,5,2,2,5,5,3,1,2,3,4,4,1,5,3,5,5,3,3,3,5,4,3,2
1/2/2019 17:08:03,Student,Female,3,2,3,4,1,4,3,4,3,3,3,2,5,5,5,1,1,1,4,3,4,3,,,3,4,5,3,5,3,,5
1/2/2019 17:08:15,Faculty member,Male,2,5,5,3,1,5,4,5,2,2,5,5,3,4,5,5,5,5,2,5,4,3,3,3,5,4,1,1,5,5,3,5
1/2/2019 17:08:48,Student,Male,2,5,4,3,1,5,4,2,1,4,5,2,3,4,4,1,2,2,3,2,1,2,2,2,3,3,2,2,2,3,2,3
1/2/2019 17:09:28,Student,Female,3,3,1,4,2,1,1,4,4,1,4,1,4,4,5,4,4,2,4,5,4,4,3,3,2,4,5,4,5,4,4,5
1/2/2019 17:09:30,Student,Female,4,4,5,4,1,5,4,4,2,3,2,2,4,4,5,2,2,1,5,3,4,1,1,1,5,4,4,1,2,4,2,5
1/2/2019 17:09:42,Student,Female,4,4,4,4,1,5,3,4,4,1,4,4,4,3,3,4,2,4,,4,,,,,3,4,4,,5,,,4
1/2/2019 17:09:52,Student,Male,3,4,4,2,1,4,4,3,5,5,4,3,4,2,5,3,1,3,3,2,2,2,3,3,3,2,2,2,2,2,2,4
1/2/2019 17:10:12,Student,Male,2,1,4,4,1,5,5,3,3,3,2,1,4,2,5,1,1,2,,,4,,,,4,3,,5,2,,,4
1/2/2019 17:10:17,Student,Female,4,4,5,5,1,5,4,3,4,4,2,3,4,3,4,5,1,4,,4,3,1,,,3,4,,,4,5,,5
1/2/2019 17:10:32,Student,Male,4,2,5,4,1,5,5,3,2,4,3,3,5,5,5,3,3,4,4,4,5,1,3,3,5,4,5,4,5,5,3,5
1/2/2019 17:10:35,Student,Male,2,2,4,4,1,5,5,3,4,5,3,1,4,1,4,1,1,4,4,3,5,3,3,3,5,4,4,3,3,3,3,5
1/2/2019 17:10:39,Student,Male,5,2,5,4,2,5,5,3,2,5,1,1,5,5,5,1,4,1,5,4,5,5,3,3,5,4,4,5,5,5,3,5
1/2/2019 17:11:17,Student,Female,5,2,5,5,1,5,5,3,3,5,5,5,5,5,4,1,4,1,3,4,2,3,3,3,4,3,3,4,4,3,3,4
1/2/2019 17:11:19,Student,Male,3,4,4,4,3,4,3,3,3,3,3,3,4,4,4,4,3,4,4,4,4,4,4,4,4,4,4,4,4,4,4,4
1/2/2019 17:11:34,Student,Female,3,1,3,4,1,3,4,1,2,3,1,1,4,2,4,1,2,1,2,4,,,,,3,4,5,,,,,4
1/2/2019 17:11:51,Student,Male,3,1,5,5,1,5,5,2,3,3,4,1,5,2,5,1,1,2,3,1,3,4,3,3,5,3,3,5,3,3,3,5
1/2/2019 17:12:11,Student,Female,5,2,1,5,1,1,4,1,2,4,4,1,4,4,3,3,5,3,1,2,5,3,1,2,2,2,4,4,1,3,3,3
1/2/2019 17:12:13,Student,Female,3,3,4,4,1,3,3,2,2,3,3,2,4,3,3,3,4,4,5,3,4,2,3,3,3,2,4,3,4,5,3,5
1/2/2019 17:12:28,Student,Female,3,3,4,4,1,5,5,4,2,5,4,4,4,5,5,3,3,3,4,3,3,3,,,,4,3,3,,5,,5
1/2/2019 17:12:42,Student,Male,4,4,3,3,1,5,4,1,2,5,3,2,3,3,4,4,1,3,5,5,3,3,3,3,5,4,3,3,4,4,3,5
1/2/2019 17:13:12,Student,Female,3,3,4,4,1,5,4,1,2,4,3,1,4,5,4,3,3,,,3,5,,,,4,3,4,,5,,,4
1/2/2019 17:13:31,Student,Male,3,4,3,3,2,3,4,3,2,4,3,4,5,5,3,5,3,1,4,3,4,4,3,3,5,4,3,3,4,1,2,5
1/2/2019 17:14:34,Student,Male,4,1,5,5,1,5,4,2,2,4,3,1,4,,5,3,2,2,5,4,5,3,,,4,2,3,3,2,,,4
1/2/2019 17:14:44,Student,Male,3,4,4,4,4,5,4,2,1,3,5,1,5,4,4,4,2,5,4,3,5,3,3,3,5,3,4,5,2,2,1,5
1/2/2019 17:14:55,Student,Male,2,3,5,2,1,5,4,5,3,4,4,1,4,4,4,1,1,1,5,4,5,2,1,1,3,3,3,2,1,3,1,4
1/2/2019 17:15:11,Student,Male,3,2,5,4,1,5,5,3,1,5,2,4,3,5,5,2,1,4,5,3,4,5,1,1,5,5,3,5,3,5,1,5
1/2/2019 17:15:24,Student,Female,5,2,4,4,3,3,1,3,2,1,1,1,3,5,5,1,5,5,3,5,3,2,3,3,5,5,5,1,1,1,1,5
1/2/2019 17:15:40,Student,Male,4,2,3,3,,5,4,4,2,5,3,4,4,4,4,3,,,5,4,5,,,,,3,4,,,,,4
1/2/2019 17:15:53,Faculty member,Male,4,4,5,4,1,5,4,4,2,4,4,3,4,5,5,1,4,4,4,3,5,2,3,3,4,4,4,3,2,3,3,5
1/2/2019 17:16:51,Student,Male,2,1,4,1,3,5,4,1,2,4,2,1,3,2,3,1,2,1,4,2,4,3,3,2,5,4,3,4,2,3,2,4
1/2/2019 17:17:11,Student,Female,5,5,3,5,2,5,5,2,1,1,1,1,5,5,3,4,1,4,5,5,1,5,1,1,3,5,5,5,5,5,5,5
1/2/2019 17:17:30,Student,Male,3,1,2,5,1,2,2,5,1,2,1,5,5,5,5,1,1,1,5,3,1,1,1,1,1,5,5,5,1,1,1,5
1/2/2019 17:17:34,Student,Male,4,2,4,5,2,5,5,3,4,5,2,2,4,5,5,2,3,4,5,2,5,1,3,3,2,4,3,3,3,3,3,4
1/2/2019 17:17:44,Student,Female,5,4,5,4,1,4,5,4,4,5,3,1,5,5,5,1,3,1,4,4,5,1,3,3,5,4,4,2,5,5,3,5
1/2/2019 17:18:15,Student,Male,2,4,5,3,2,5,4,4,5,5,2,5,4,5,3,1,5,1,4,4,3,,,,4,4,4,2,,4,,5
1/2/2019 17:18:17,Student,Male,4,2,5,5,1,5,5,4,1,5,2,1,5,1,5,1,3,5,5,5,5,1,3,3,5,5,5,5,3,3,3,5
1/2/2019 17:18:20,Student,Male,4,5,4,4,1,5,3,4,1,4,5,4,4,4,4,3,2,3,4,4,4,5,3,3,5,4,2,5,4,3,3,5
1/2/2019 17:18:21,Student,Male,5,2,5,4,3,5,5,3,5,5,5,1,5,4,4,3,3,3,,,,,,,4,3,4,,,,,4
1/2/2019 17:18:26,Student,Male,5,5,3,5,2,5,5,3,1,5,4,3,5,1,5,3,3,1,5,3,5,3,3,3,5,5,5,3,3,3,3,5
1/2/2019 17:18:27,Student,Female,3,4,2,5,1,4,4,4,3,4,3,4,4,4,4,5,1,4,4,4,4,2,2,3,3,2,5,2,5,3,3,4
1/2/2019 17:18:32,Student,Male,3,2,5,3,1,5,4,3,2,4,3,1,4,2,5,2,1,3,3,3,1,2,3,3,4,3,3,3,3,3,3,5
1/2/2019 17:19:01,Student,Male,4,1,4,3,2,5,4,1,2,4,2,1,3,1,5,1,1,1,2,1,4,1,5,1,4,2,2,1,1,3,2,5
1/2/2019 17:19:04,Student,Male,3,3,5,4,3,5,4,1,3,5,3,1,5,4,3,3,2,3,4,5,5,5,3,3,5,5,4,3,5,3,4,4
1/2/2019 17:19:08,Student,Male,3,2,2,4,3,4,4,3,4,5,2,4,5,5,5,4,4,3,2,4,1,3,3,4,4,4,4,5,3,4,3,4
1/2/2019 17:20:19,Student,Male,4,5,4,2,1,5,4,3,1,3,4,2,4,5,3,4,4,2,5,4,5,1,3,3,2,5,3,3,3,5,3,4
1/2/2019 17:20:23,Student,Male,4,1,5,4,2,5,5,1,1,5,2,1,4,1,5,1,1,2,4,2,5,5,3,1,3,4,3,3,3,3,3,4
1/2/2019 17:20:25,Student,Male,4,5,5,4,1,5,4,3,4,5,3,1,5,3,5,4,5,1,3,3,2,5,5,3,2,5,3,3,3,3,3,5
1/2/2019 17:20:43,Student,Male,3,4,4,4,2,5,3,2,1,4,4,4,2,5,3,3,3,4,3,2,4,4,,,4,2,1,3,,3,,
1/2/2019 17:20:45,Student,Male,2,1,4,5,1,5,4,1,3,4,2,2,2,2,3,1,1,1,4,3,4,4,,,4,4,3,,,,,4
1/2/2019 17:20:46,Student,Male,3,1,5,4,1,4,5,1,2,5,1,1,4,1,5,1,3,1,5,2,5,2,2,2,5,2,4,5,1,4,1,5
1/2/2019 17:20:56,Student,Male,2,2,2,2,1,5,5,3,3,5,3,3,4,4,3,4,1,1,2,3,3,3,1,1,5,4,4,3,3,2,2,5
1/2/2019 17:21:06,Student,Male,4,5,5,5,3,5,4,3,2,5,3,4,3,4,4,5,3,3,4,4,4,3,3,3,4,4,4,4,4,4,4,4
1/2/2019 17:22:17,Student,Male,3,2,4,2,3,5,4,1,3,3,2,3,4,1,5,1,1,1,5,2,3,4,3,3,2,4,1,1,1,1,1,4
1/2/2019 17:22:38,Student,Female,1,2,3,3,1,,5,1,2,5,1,1,4,2,3,1,1,1,5,4,3,1,1,3,4,4,4,2,2,3,2,5
1/2/2019 17:23:08,Student,Male,4,2,5,3,1,5,5,1,4,5,2,3,5,5,5,2,2,2,4,4,4,4,3,3,4,4,2,4,3,3,1,5
1/2/2019 17:24:05,Student,Male,1,1,4,1,1,5,5,1,4,5,1,1,3,1,3,1,1,1,4,2,4,3,3,2,4,3,3,1,1,1,1,2
1/2/2019 17:24:11,Faculty member,Male,4,5,4,4,1,5,4,3,2,3,1,1,5,3,4,4,1,1,5,2,4,4,2,2,3,3,4,3,4,3,3,4
1/2/2019 17:24:25,Student,Male,3,5,4,3,3,5,5,3,2,5,5,5,5,5,4,1,2,1,5,2,2,5,2,3,4,1,1,4,3,4,3,5
1/2/2019 17:24:27,Student,Male,5,5,5,4,2,5,5,1,1,3,3,2,3,4,4,4,2,1,4,4,3,3,5,2,4,2,5,1,3,4,2,5
1/2/2019 17:24:33,Student,Male,5,3,4,5,1,5,4,3,1,4,2,1,4,4,5,2,1,3,2,1,4,3,3,3,4,2,2,2,2,2,2,5
1/2/2019 17:24:39,Student,Male,4,2,4,4,1,5,5,4,3,5,4,3,5,3,4,2,2,1,3,4,5,4,3,3,5,4,4,3,3,3,3,4
1/2/2019 17:25:07,Faculty member,Male,4,5,5,5,5,5,5,2,2,5,5,5,4,4,4,4,4,2,5,1,5,1,1,1,4,1,1,1,1,1,1,5
1/2/2019 17:25:08,Student,Male,3,3,5,4,2,5,3,3,3,4,4,5,4,4,3,3,3,2,4,2,3,2,3,3,3,3,3,2,2,4,3,5
1/2/2019 17:25:08,Student,Female,4,2,2,5,3,4,5,1,4,3,1,1,5,2,2,1,2,1,3,4,3,2,2,4,3,4,5,2,4,5,3,4
1/2/2019 17:25:14,Student,Male,1,5,5,5,1,5,5,4,5,5,5,1,5,5,2,2,5,1,5,2,1,2,3,3,4,4,3,4,1,2,2,5
1/2/2019 17:25:29,Student,Male,2,4,5,4,3,5,5,4,5,5,4,2,4,2,3,2,1,4,5,1,4,,,,4,2,2,,4,,,4
1/2/2019 17:25:44,Student,Male,2,5,5,2,1,5,3,5,1,3,1,5,4,5,3,2,1,1,3,2,2,1,4,3,4,1,1,2,1,2,1,4
1/2/2019 17:26:17,Faculty member,Male,4,4,5,4,2,3,5,5,1,5,5,3,4,5,5,2,4,2,5,4,3,4,3,3,5,4,5,5,2,3,3,4
1/2/2019 17:26:53,Student,Male,3,2,5,4,5,4,3,1,1,3,5,1,3,4,1,5,1,1,4,3,3,3,3,3,4,4,2,2,2,3,2,5
1/2/2019 17:28:13,Student,Male,3,1,5,3,1,5,4,1,3,5,5,2,5,4,4,1,1,1,4,4,5,2,2,2,3,3,3,3,2,2,2,4
1/2/2019 17:28:31,Student,Female,5,4,4,5,1,5,3,3,4,4,1,1,3,4,4,5,4,1,3,3,3,4,2,5,5,2,4,4,5,4,3,5
1/2/2019 17:29:48,Student,Female,4,1,5,5,1,5,5,3,1,2,1,1,4,1,5,1,1,1,3,3,1,1,1,1,5,3,5,3,5,5,1,5
1/2/2019 17:30:24,Student,Male,3,3,5,4,1,5,4,4,2,4,2,4,5,5,5,2,1,4,4,2,3,4,3,3,4,4,3,2,3,3,3,5
1/2/2019 17:30:32,Student,Male,5,1,5,2,1,5,5,1,4,5,1,3,5,2,3,1,4,2,4,2,4,2,2,2,5,4,2,3,2,2,1,4
1/2/2019 17:30:50,Student,Female,5,5,4,4,1,4,4,5,1,2,1,1,5,5,5,1,5,1,4,4,3,3,3,3,3,5,5,3,3,5,3,5
1/2/2019 17:31:10,Student,Male,4,2,3,4,2,5,4,3,3,3,1,2,2,2,4,3,2,3,4,3,2,1,,,4,3,2,1,2,,,3
1/2/2019 17:31:59,Student,Male,3,2,4,2,2,5,4,2,3,3,3,2,2,1,5,1,1,1,5,2,1,2,2,2,3,3,2,4,3,3,2,5
1/2/2019 17:32:38,Student,Female,5,1,4,4,1,3,5,5,3,4,2,1,4,4,4,1,1,1,2,4,1,3,4,3,4,4,5,2,1,2,2,5
1/2/2019 17:32:38,Student,Male,4,4,5,4,1,5,4,4,3,4,4,5,5,5,4,5,2,2,5,4,4,5,3,3,3,4,3,4,3,5,3,5
1/2/2019 17:33:41,Student,Male,5,3,5,5,1,5,5,3,1,5,1,1,5,5,5,2,1,1,5,3,5,5,1,1,5,5,5,5,5,3,1,5
1/2/2019 17:34:12,Student,Male,3,1,4,3,1,5,3,1,4,4,2,1,4,5,4,1,1,3,5,3,3,4,3,3,3,2,2,2,2,3,4,4
1/2/2019 17:35:11,Student,Male,3,5,4,3,4,4,5,4,3,4,2,4,5,3,4,4,3,3,4,3,4,4,4,3,1,1,3,2,3,4,3,5
1/2/2019 17:36:17,Student,Male,2,2,5,5,1,5,5,3,2,3,3,2,4,4,2,1,1,1,3,1,3,3,1,1,3,3,2,1,2,1,1,4
1/2/2019 17:36:29,Student,Female,5,5,5,5,1,5,5,2,2,5,3,5,5,5,4,4,2,1,3,2,3,3,3,3,3,3,4,3,5,5,3,3
1/2/2019 17:36:53,Student,Male,4,1,3,3,2,5,3,3,5,5,4,2,3,2,4,2,1,5,4,5,5,3,3,3,3,3,3,1,4,3,1,5
1/2/2019 17:37:21,Student,Female,4,3,5,4,1,3,3,3,2,2,2,5,4,2,3,1,3,1,5,3,2,3,5,3,2,4,2,1,2,1,2,5
1/2/2019 17:37:25,Student,Female,4,4,3,3,5,5,3,1,5,5,2,1,3,1,5,5,4,1,5,3,3,2,4,4,1,5,4,2,3,5,4,5
1/2/2019 17:37:25,Student,Female,4,1,1,5,1,5,4,1,2,3,3,1,5,5,5,1,3,2,,4,,,,,2,4,5,3,5,5,,5
1/2/2019 17:37:48,Student,Male,4,3,5,4,2,5,5,4,5,5,4,3,5,2,5,3,3,2,3,3,4,4,2,2,4,4,2,2,3,3,2,4
1/2/2019 17:39:19,Student,Female,3,1,5,4,2,5,5,3,3,5,4,1,4,5,3,3,2,2,5,2,3,3,2,2,4,4,3,5,2,4,2,5
1/2/2019 17:40:06,Student,Male,5,1,5,5,1,5,4,3,4,4,1,1,5,3,3,5,1,3,5,2,4,5,3,3,4,4,3,3,2,3,3,5
1/2/2019 17:40:10,Student,Male,4,1,4,3,2,5,4,1,2,4,1,1,4,2,4,1,2,2,4,,3,5,,,3,2,3,4,,5,,3
1/2/2019 17:41:17,Faculty member,Male,4,5,4,5,4,5,4,3,2,5,5,5,4,5,5,5,2,4,,,3,,,,3,4,5,,,3,,4
1/2/2019 17:41:26,Student,Male,4,5,3,4,2,5,4,3,1,4,3,2,4,4,5,3,5,2,5,4,4,3,4,3,3,3,3,4,4,3,3,5
1/2/2019 17:41:43,Student,Female,4,1,4,4,1,5,5,2,1,5,4,5,5,5,3,1,1,1,5,4,5,3,4,3,4,3,5,3,5,3,3,5
1/2/2019 17:42:08,Student,Female,4,5,3,4,1,2,4,4,2,3,1,1,3,3,4,2,1,4,3,3,2,1,1,3,3,3,3,2,4,4,3,3
1/2/2019 17:42:11,Student,Male,3,4,4,2,1,5,4,2,2,2,2,4,4,3,4,2,1,1,4,3,5,3,3,3,4,2,2,4,3,3,3,4
1/2/2019 17:43:05,Student,Male,5,3,3,3,1,5,5,4,2,4,1,3,5,2,5,1,2,2,5,3,5,5,,,5,4,4,3,,,,5
1/2/2019 17:45:50,Student,Female,5,2,5,4,1,5,4,4,2,4,2,1,4,5,3,1,1,1,4,1,2,5,2,1,4,1,3,2,1,3,1,4
1/2/2019 17:45:56,Student,Male,3,4,4,5,1,5,5,4,4,3,4,3,5,4,5,2,3,4,3,2,2,5,3,3,4,2,4,5,4,3,3,5
1/2/2019 17:47:22,Student,Male,4,3,4,5,1,5,5,2,3,4,2,2,5,3,5,1,1,1,2,2,2,2,1,2,2,2,2,2,2,5,1,1
1/2/2019 17:47:40,Student,Male,3,3,4,4,4,5,4,2,1,5,5,3,5,3,4,1,1,4,4,2,5,3,3,3,4,2,3,2,3,3,3,5
1/2/2019 17:48:24,Student,Male,2,2,3,2,3,5,5,5,2,1,3,5,5,3,5,2,2,3,5,5,5,5,3,3,4,3,3,3,3,3,3,3
1/2/2019 17:50:12,Student,Male,2,3,2,3,2,5,4,2,2,4,3,2,5,4,5,3,5,2,5,3,4,3,2,2,5,5,3,3,3,3,3,5
1/2/2019 17:50:30,Student,Male,5,4,4,5,1,4,5,1,1,5,4,1,5,4,4,1,1,1,2,5,5,3,2,2,5,4,5,5,2,2,2,5
1/2/2019 17:50:56,Student,Male,5,3,4,2,1,5,5,1,1,5,3,1,5,2,5,2,3,3,4,3,2,3,3,3,4,3,3,3,3,3,3,5
1/2/2019 17:51:13,Student,Female,4,4,5,4,2,5,5,1,2,4,2,3,4,4,4,1,3,2,4,4,4,3,3,3,3,2,4,2,5,3,3,4
1/2/2019 17:51:27,Student,Male,3,1,4,3,1,5,4,1,2,5,2,1,4,2,4,2,1,1,3,4,3,3,3,3,5,5,3,3,3,3,3,4
1/2/2019 17:52:53,Student,Male,4,4,4,4,1,4,2,3,4,4,4,3,4,4,4,3,3,2,,,1,5,,,5,5,,5,,,,4
1/2/2019 17:53:25,Student,Female,4,5,3,4,1,3,4,4,2,5,4,2,3,4,3,4,5,2,5,3,3,,,4,4,3,4,,4,,,5
1/2/2019 17:53:49,Student,Male,4,1,5,4,3,5,5,3,5,4,4,1,3,3,4,3,2,3,5,3,5,5,3,3,5,5,5,5,3,3,3,5
1/2/2019 17:54:25,Faculty member,Male,5,5,5,3,3,5,3,5,1,5,4,5,5,5,5,5,4,3,,,4,,,,4,3,2,1,4,,,5
1/2/2019 17:55:07,Student,Male,3,5,2,3,2,5,4,4,3,5,2,3,1,2,3,2,1,3,4,3,2,2,3,3,4,4,4,2,3,3,2,5
1/2/2019 17:55:31,Student,Female,4,3,5,5,1,5,4,1,2,4,3,1,3,2,1,2,3,3,5,4,3,3,3,3,4,4,4,4,2,5,4,5
1/2/2019 17:55:50,Student,Male,4,4,5,4,3,5,5,4,1,4,4,4,5,4,5,4,3,4,5,4,5,4,3,3,4,4,4,3,3,3,3,5
1/2/2019 17:56:18,Student,Female,5,1,4,4,1,5,5,3,3,5,4,4,5,5,5,2,1,3,5,3,3,4,3,3,4,3,2,2,2,2,3,5
1/2/2019 17:56:35,Student,Female,5,1,5,5,1,5,5,3,5,5,5,5,5,1,5,1,1,1,5,5,1,1,1,1,5,5,1,5,1,5,5,5
1/2/2019 17:57:07,Student,Female,1,1,5,2,1,5,5,2,3,4,3,1,2,2,5,1,1,2,3,3,1,3,2,2,3,3,4,3,3,2,2,4
1/2/2019 17:57:10,Student,Male,3,2,4,1,1,5,4,5,4,5,4,1,4,2,4,2,1,4,4,2,5,,2,,4,4,4,3,3,5,2,5
1/2/2019 17:58:47,Student,Female,3,1,3,4,1,2,5,5,1,4,1,1,4,1,5,1,2,5,5,1,5,1,2,2,3,3,4,1,2,2,2,5
1/2/2019 18:01:02,Student,Male,3,4,4,2,4,5,4,4,5,4,5,5,3,5,5,4,2,1,2,1,1,1,2,1,4,3,2,4,2,4,2,3
1/2/2019 18:01:46,Faculty member,Male,4,5,4,4,1,4,4,3,4,5,4,1,4,5,5,5,2,4,3,3,3,3,3,3,4,3,4,3,3,3,3,5
1/2/2019 18:01:51,Student,Male,4,5,4,4,1,4,5,1,1,4,1,1,3,4,5,5,2,3,5,4,3,3,3,3,5,2,2,2,3,3,3,4
1/2/2019 18:03:23,Student,Male,4,3,5,4,1,4,4,2,5,4,3,4,5,5,2,3,1,1,3,4,3,5,2,3,4,3,3,4,3,3,1,5
1/2/2019 18:03:40,Student,Male,3,2,5,4,1,5,5,2,2,2,5,4,5,3,5,1,3,3,5,4,5,3,3,3,4,4,3,3,3,3,3,5
1/2/2019 18:06:31,Student,Male,5,5,3,2,3,5,5,4,4,5,5,2,1,5,5,3,1,1,1,2,4,3,5,3,5,1,4,2,5,3,3,5
1/2/2019 18:07:44,Student,Male,3,3,4,5,2,4,5,2,4,5,3,3,4,5,5,3,3,2,4,4,1,2,3,3,3,4,3,2,3,2,3,5
1/2/2019 18:08:26,Student,Male,2,2,5,4,2,5,4,2,3,4,2,1,3,2,4,1,2,1,5,2,3,4,3,3,4,4,2,4,2,3,2,5
1/2/2019 18:08:46,Student,Male,4,3,5,5,4,5,5,1,3,4,1,1,5,5,5,1,1,4,4,3,3,4,1,1,4,4,2,3,3,3,1,5
1/2/2019 18:09:20,Faculty member,Male,5,4,5,4,2,5,5,3,1,5,5,5,4,4,5,5,5,5,,,4,3,,,2,3,1,3,1,,,3
1/2/2019 18:09:42,Faculty member,Female,4,4,5,4,1,5,4,4,1,4,4,1,3,5,5,5,4,4,,,,,,,,5,,,,4,,
1/2/2019 18:11:35,Student,Male,2,4,4,4,3,5,5,4,4,4,4,4,4,3,5,4,4,2,4,4,3,3,3,3,3,4,4,2,3,4,3,4
1/2/2019 18:11:53,Student,Male,3,4,5,2,1,4,3,3,4,5,5,3,5,5,5,4,1,5,4,4,4,3,3,3,4,4,4,1,4,4,3,5
1/2/2019 18:16:30,Student,Male,3,2,5,4,1,5,4,3,3,,2,4,5,5,5,1,1,1,3,3,1,4,4,3,3,5,2,5,3,3,2,5
1/2/2019 18:17:36,Student,Male,4,1,4,3,1,5,5,2,2,3,2,2,5,3,5,1,1,1,5,3,2,5,3,3,5,3,4,2,3,3,3,4
1/2/2019 18:18:49,Student,Female,4,4,4,4,3,4,4,4,3,4,2,5,5,4,5,4,4,4,3,4,4,4,3,3,4,4,4,4,5,3,3,5
1/2/2019 18:20:31,Student,Male,4,3,4,3,1,5,4,2,3,4,3,3,3,3,4,3,2,1,4,3,5,4,3,3,3,4,3,4,2,4,4,5
1/2/2019 18:21:43,Student,Male,2,4,5,3,1,5,5,1,3,5,1,2,4,4,4,1,1,3,5,5,5,1,3,3,4,5,5,2,3,5,2,5
1/2/2019 18:26:58,Student,Female,5,5,1,3,1,1,1,1,3,1,2,1,5,2,1,4,5,2,5,4,4,3,3,5,2,4,4,2,4,5,3,4
1/2/2019 18:28:06,Student,Male,4,5,5,1,4,5,3,4,1,4,5,5,4,2,4,3,3,2,,5,4,,,,5,5,5,3,,,,5
1/2/2019 18:28:34,Student,Male,2,1,4,4,3,5,5,4,3,5,4,1,5,4,5,1,1,1,3,2,3,3,3,3,4,4,2,4,1,2,3,4
1/2/2019 18:29:31,Student,Male,4,4,4,4,1,4,4,3,1,4,3,5,5,4,4,1,4,2,3,2,3,,,3,4,4,3,3,3,,,4
1/2/2019 18:31:41,Student,Female,1,2,5,2,1,4,5,3,3,4,2,1,1,5,5,1,3,2,4,5,3,2,3,2,4,3,5,2,5,5,3,5
1/2/2019 18:33:03,Student,Female,3,5,5,5,1,4,5,1,2,5,5,2,5,5,5,1,3,1,4,4,4,1,1,1,5,2,3,1,5,1,4,5
1/2/2019 18:33:43,Student,Male,5,3,4,5,4,5,5,5,5,5,5,3,5,5,5,5,4,3,5,4,5,2,,,5,5,4,4,,,,5
1/2/2019 18:34:37,Student,Male,3,3,4,4,3,4,5,5,2,5,4,2,3,3,4,4,2,2,3,2,2,4,3,3,4,3,3,3,2,3,3,5
1/2/2019 18:35:32,Student,Male,3,1,1,3,1,3,4,3,1,2,1,1,4,5,5,1,1,1,3,2,3,3,3,3,5,3,2,3,2,3,3,4
1/2/2019 18:37:40,Student,Male,3,3,5,3,1,4,5,3,1,2,1,3,3,3,5,3,1,2,3,1,4,3,3,4,4,4,1,2,1,1,1,3
1/2/2019 18:38:13,Student,Female,3,2,4,5,1,3,4,3,2,4,4,1,3,4,2,1,1,2,4,2,4,3,3,3,5,3,2,4,4,5,2,3
1/2/2019 18:38:31,Student,Female,2,1,4,4,1,5,5,2,1,5,3,1,4,2,4,2,1,3,3,4,3,2,3,3,5,5,4,2,4,3,3,5
1/2/2019 18:39:46,Student,Male,3,1,4,3,2,5,5,2,1,5,3,2,4,4,4,2,1,1,4,1,4,3,3,2,4,3,3,4,2,2,2,3
1/2/2019 18:41:56,Student,Male,3,3,4,3,3,5,5,3,2,5,5,5,5,5,5,4,2,4,3,2,2,4,3,3,5,2,2,2,2,2,2,3
1/2/2019 18:42:18,Student,Male,2,4,4,3,2,5,4,3,2,4,2,4,4,3,3,3,1,1,4,1,3,2,3,3,4,4,2,2,1,2,2,4
1/2/2019 18:42:59,Student,Female,4,4,5,4,1,5,5,3,1,5,3,4,4,4,5,1,1,1,5,3,2,3,3,4,5,3,2,2,5,5,3,5
1/2/2019 18:43:20,Student,Male,4,4,3,4,1,4,4,4,2,4,4,5,5,5,5,4,4,4,,2,,3,,,4,2,3,4,,,,4
1/2/2019 18:43:41,Student,Male,1,4,5,2,1,5,4,5,2,4,2,2,5,5,5,2,4,1,2,1,5,1,3,4,5,5,5,1,3,3,3,5
1/2/2019 18:44:35,Student,Male,4,1,4,4,2,5,4,3,2,3,3,1,4,4,4,2,4,1,4,3,3,1,3,3,3,3,3,3,4,4,2,3
1/2/2019 18:45:29,Student,Female,3,1,4,4,1,5,5,3,3,5,2,1,5,4,5,1,1,1,4,5,3,3,3,3,5,3,4,5,4,3,4,5
1/2/2019 18:46:52,Student,Male,5,2,5,5,5,5,5,5,2,5,5,3,5,5,5,5,1,5,4,3,4,4,1,5,5,4,4,3,2,3,1,5
1/2/2019 18:47:06,Student,Male,5,5,1,5,1,1,5,1,1,1,1,1,5,5,5,1,5,1,3,1,2,2,2,2,4,2,1,4,,,,5
1/2/2019 18:47:39,Student,Male,1,1,4,4,1,3,5,4,2,3,3,1,4,4,5,4,2,2,3,2,3,4,3,3,1,2,2,4,3,3,3,4
1/2/2019 18:49:19,Faculty member,Male,2,3,5,5,3,5,5,3,2,5,3,1,3,4,4,3,2,4,4,3,5,3,3,3,4,3,3,3,3,2,2,5
1/2/2019 18:53:29,Student,Male,3,4,5,4,2,5,5,1,2,4,1,1,4,4,5,1,4,1,4,3,2,4,,,3,1,5,1,3,,,5
1/2/2019 18:53:31,Student,Male,3,3,4,4,2,5,4,2,2,5,4,5,4,4,4,4,4,3,5,3,4,3,3,4,5,4,3,3,3,4,3,4
1/2/2019 18:53:32,Student,Male,1,3,5,3,1,5,4,2,4,5,1,1,4,2,4,1,1,2,4,3,5,2,3,3,5,4,4,4,2,2,2,5
1/2/2019 18:59:27,Student,Male,4,4,3,3,1,5,5,3,1,3,1,4,5,4,4,3,1,2,1,1,1,4,1,1,1,3,2,1,1,1,1,4
1/2/2019 19:01:46,Student,Male,3,1,4,4,1,5,5,4,4,4,4,3,5,4,4,1,2,3,5,4,2,3,3,3,4,4,4,3,5,3,3,5
1/2/2019 19:01:49,Student,Female,2,1,4,4,1,3,3,1,1,3,1,1,2,3,5,1,3,2,5,4,3,3,2,3,5,4,4,2,4,5,3,5
1/2/2019 19:01:50,Student,Male,5,5,2,5,1,5,5,4,1,2,5,5,5,5,5,3,3,1,4,4,4,4,5,4,3,4,3,3,4,4,3,5
1/2/2019 19:05:49,Student,Male,4,1,2,5,4,4,5,1,3,5,4,3,5,5,5,2,2,2,4,1,5,5,3,4,5,2,2,5,3,3,1,5
1/2/2019 19:07:34,Student,Male,4,4,5,3,3,3,4,4,2,3,2,2,5,4,5,2,,2,5,2,4,5,3,3,3,2,4,1,2,3,2,4
1/2/2019 19:09:46,Student,Male,3,1,4,3,1,5,4,3,4,3,1,2,4,2,3,4,1,4,4,2,4,1,1,1,4,3,3,2,2,1,1,3
1/2/2019 19:15:30,Student,Male,3,2,5,4,1,5,5,3,2,3,4,3,5,4,5,2,4,4,4,3,2,2,2,2,5,2,4,3,3,3,3,4
1/2/2019 19:16:16,Student,Male,3,4,5,4,2,5,3,3,1,4,5,5,4,5,5,3,2,2,5,3,4,3,3,3,4,4,3,2,3,3,4,5
1/2/2019 19:16:53,Student,Male,4,4,5,3,3,5,4,2,1,4,3,2,3,4,5,3,1,1,5,2,4,2,2,2,3,2,2,3,2,2,1,5
1/2/2019 19:17:42,Student,Male,3,3,4,4,3,5,4,3,4,4,1,2,5,4,5,2,1,3,5,4,2,3,,,4,4,4,,,,,
1/2/2019 19:19:40,Student,Male,4,1,5,4,5,5,5,3,5,5,3,1,5,1,5,3,1,2,5,4,5,4,3,3,5,5,4,4,4,3,3,5
1/2/2019 19:19:45,Student,Female,4,5,3,5,5,5,5,3,4,2,4,5,5,5,5,5,5,5,5,4,3,2,3,5,2,1,3,1,4,4,2,5
1/2/2019 19:21:32,Student,Male,1,4,5,4,1,5,5,2,2,5,2,3,4,3,5,2,3,2,2,4,5,3,3,3,2,4,3,5,1,3,3,5
1/2/2019 19:28:56,Student,Male,3,2,4,3,1,5,5,1,2,4,3,2,4,2,4,1,1,2,3,3,4,3,3,3,4,4,4,4,3,3,3,4
1/2/2019 19:37:15,Student,Male,5,5,5,5,2,5,5,3,3,5,5,5,4,5,5,3,1,1,3,1,4,2,1,1,5,2,2,4,2,3,2,5
1/2/2019 19:37:27,Student,Male,2,3,4,4,,5,3,1,2,4,1,,5,4,3,4,,1,5,,4,3,4,,5,3,,4,,,,4
1/2/2019 19:41:07,Student,Female,3,4,5,4,3,2,3,1,2,3,4,4,3,5,5,1,2,3,3,3,4,2,3,3,5,2,3,4,3,4,3,4
1/2/2019 19:42:04,Student,Female,5,4,5,4,1,5,5,3,2,4,1,3,4,4,5,2,3,3,5,4,4,2,2,2,3,4,5,4,2,4,3,4
1/2/2019 19:42:09,Student,Male,4,3,4,3,1,4,4,4,3,4,2,1,4,4,4,2,3,3,4,3,1,1,3,3,5,4,5,2,3,3,2,4
1/2/2019 19:42:48,Student,Female,3,5,4,4,1,5,5,2,2,4,3,4,5,3,3,1,2,1,5,5,3,1,3,3,3,3,5,1,3,5,3,5
1/2/2019 19:52:26,Student,Male,3,4,3,5,1,4,5,2,3,3,1,2,5,5,4,1,1,1,5,3,3,5,2,3,4,4,5,3,4,3,2,5
1/2/2019 19:53:04,Student,Male,3,1,5,4,2,5,4,1,4,5,1,1,5,5,5,1,1,2,3,4,4,3,2,2,5,5,4,3,3,3,3,5
1/2/2019 19:53:13,Student,Female,4,4,2,5,2,5,4,4,4,1,5,4,3,4,4,4,1,1,,2,5,,,,5,3,4,2,4,,,5
1/2/2019 19:57:08,Student,Female,4,5,5,4,4,5,3,2,1,4,5,1,4,5,4,1,1,2,,2,,3,,,,3,3,,4,5,,4
1/2/2019 20:01:41,Student,Male,3,1,4,5,2,4,5,2,4,3,1,5,2,3,5,2,3,3,4,4,4,4,3,3,4,3,3,3,3,3,3,3
1/2/2019 20:01:52,Student,Female,4,2,4,4,1,5,5,1,5,5,1,1,4,4,4,3,2,2,4,5,3,4,3,3,3,3,5,4,5,5,3,4
1/2/2019 20:02:15,Student,Female,5,5,3,4,1,5,5,1,3,3,3,3,2,3,5,1,4,1,5,5,3,3,3,3,3,4,5,3,3,5,3,4
1/2/2019 20:04:04,Student,Female,2,1,3,4,1,5,4,5,1,5,3,1,4,5,5,1,1,1,5,4,5,2,3,3,3,1,2,2,4,3,3,5
1/2/2019 20:04:24,Student,Female,2,2,4,4,1,5,4,3,4,5,2,1,5,4,3,2,1,1,,5,,2,,4,4,5,3,3,3,,,4
1/2/2019 20:05:58,Student,Male,3,2,3,4,2,5,3,2,5,3,3,1,5,1,2,2,1,1,5,5,5,1,1,1,5,5,3,1,1,1,5,5
1/2/2019 20:06:54,Student,Male,2,3,4,3,3,5,4,4,2,5,3,1,4,2,5,3,3,2,4,4,3,2,3,5,4,4,3,2,3,3,3,5
1/2/2019 20:07:28,,,,,,,,,,,,,,,,,,,,,,,,,,,,,,,,,,
1/2/2019 20:07:31,,,,,,,,,,,,,,,,,,,,,,,,,,,,,,,,,,
1/2/2019 20:09:25,Student,Male,4,3,5,2,3,5,3,3,5,5,1,3,3,1,4,1,1,2,4,5,5,1,,,5,4,,,,,,5
1/2/2019 20:11:30,Student,Female,3,4,5,4,1,5,4,3,2,2,3,3,3,5,5,4,3,3,5,3,3,5,3,4,3,3,3,2,5,4,2,5
1/2/2019 20:12:04,Student,Female,2,4,5,5,1,4,3,3,1,4,1,1,2,5,4,1,1,3,3,5,1,5,1,1,2,5,5,4,3,1,3,5
1/2/2019 20:12:31,Student,Male,4,2,5,3,2,3,3,1,1,3,1,3,4,3,4,1,1,3,1,5,4,2,2,1,3,4,5,2,5,1,1,5
1/2/2019 20:17:48,Student,Male,3,4,5,4,1,5,5,4,5,4,2,4,5,5,3,5,4,1,4,2,4,5,,3,5,4,3,4,2,3,3,5
1/2/2019 20:17:49,Student,Female,4,5,1,5,1,4,4,3,1,5,1,1,5,5,3,1,1,1,5,3,4,1,1,1,4,3,5,1,3,1,1,5
1/2/2019 20:32:36,Student,Male,3,1,4,2,2,5,5,1,2,4,2,2,5,3,4,1,3,2,5,3,1,5,3,3,4,4,4,2,2,3,3,5
1/2/2019 20:32:39,Student,Male,5,2,5,3,2,4,5,2,2,3,4,2,4,3,5,1,1,3,5,4,5,4,3,3,4,3,2,2,1,3,2,5
1/2/2019 20:39:53,Student,Male,3,2,5,4,3,5,4,4,4,5,2,3,5,4,5,2,1,1,4,4,5,2,2,2,5,5,5,5,3,3,3,5
1/2/2019 20:39:58,Faculty member,Female,5,4,3,4,3,4,5,2,2,4,4,2,1,5,4,3,3,3,3,3,5,3,2,2,5,3,5,5,3,3,3,5
1/2/2019 20:40:10,Student,Female,3,4,3,4,1,4,4,3,2,3,4,5,3,3,2,5,1,2,3,3,3,2,2,3,3,3,3,4,4,2,5,5
1/2/2019 20:40:55,Student,Female,5,3,4,4,1,5,5,1,2,4,1,1,4,5,5,1,1,1,3,3,2,3,3,3,4,4,4,4,5,3,5,5
1/2/2019 20:41:33,Student,Male,3,1,5,5,1,5,5,3,3,5,3,2,5,5,5,2,1,3,5,5,5,3,3,3,5,5,4,4,4,4,3,5
1/2/2019 20:44:20,Student,Female,4,3,3,3,4,3,3,1,3,5,2,2,3,2,3,2,3,1,3,2,4,4,3,3,5,1,5,3,2,3,3,5
1/2/2019 20:46:05,Student,Male,1,1,1,1,1,5,5,1,1,3,1,2,1,1,3,1,1,1,5,3,4,3,2,2,3,3,3,3,2,2,2,4
1/2/2019 21:07:06,Student,Female,5,4,4,5,2,4,4,2,1,5,4,5,2,5,5,4,5,1,4,4,5,5,3,3,2,2,5,5,4,5,3,2
1/2/2019 21:09:03,Student,Male,3,3,4,5,1,5,5,2,2,5,5,5,4,5,5,1,2,3,5,4,4,4,3,4,5,5,3,3,2,5,3,5
1/2/2019 21:09:23,Student,Male,2,4,5,3,1,5,4,2,2,4,4,4,5,5,5,1,3,2,3,4,4,,,,5,3,3,,4,,,4
1/2/2019 21:10:54,Student,Female,4,5,3,1,1,4,4,2,1,3,1,1,5,2,5,2,5,2,5,5,2,1,1,2,3,5,5,1,5,5,3,5
1/2/2019 21:11:00,Faculty member,Male,5,4,3,5,1,5,4,2,1,5,4,3,5,4,3,5,4,3,5,5,4,,,,5,,5,,3,5,,4
1/2/2019 21:11:25,Student,Female,2,4,4,2,1,5,1,4,4,5,2,5,5,2,5,1,4,1,,3,,,,,,3,4,,3,5,5,5
1/2/2019 21:12:28,Student,Male,5,2,5,5,5,4,4,2,4,4,2,1,5,4,5,3,4,4,5,2,2,3,,4,4,2,2,,3,,,4
1/2/2019 21:14:10,Student,Female,3,4,4,4,2,5,5,2,1,5,1,1,5,4,4,3,1,1,3,4,3,3,,,4,5,5,4,5,,,5
1/2/2019 21:18:32,Student,Male,5,5,4,5,1,5,5,4,1,5,4,3,2,5,5,4,2,3,4,2,4,3,3,3,3,2,2,4,2,3,3,4
1/2/2019 21:18:53,Student,Male,4,2,4,4,1,5,5,2,2,5,3,1,4,4,3,2,2,3,4,2,5,3,3,3,5,4,3,3,3,3,3,5
1/2/2019 21:26:09,Student,Female,3,4,4,3,2,4,4,3,2,4,3,3,5,5,5,3,3,4,5,4,3,1,3,3,2,4,4,2,3,5,3,5
1/2/2019 21:26:34,Student,Male,4,1,5,3,1,4,4,4,3,4,4,1,3,2,5,2,1,3,4,2,2,4,,,,3,2,,,,,5
1/2/2019 21:27:53,Student,Female,4,1,4,5,2,4,5,2,2,4,4,1,5,3,2,2,1,1,4,3,3,2,3,3,2,4,2,3,4,4,3,5
1/2/2019 21:30:48,Student,Female,3,4,2,3,1,5,5,2,2,3,1,1,3,2,3,1,4,1,3,5,3,2,4,2,4,4,3,3,4,,5,5
1/2/2019 21:32:20,Student,Male,3,3,4,5,1,5,5,2,5,5,5,1,5,4,5,3,3,3,4,4,5,3,3,2,5,4,4,5,4,3,3,4
1/2/2019 21:38:36,Faculty member,Male,4,5,5,4,1,5,4,5,1,3,4,4,3,5,3,5,3,2,4,,3,,,,3,4,,,,,,5
1/2/2019 21:41:36,Student,Male,2,4,5,4,1,5,5,3,2,4,5,3,4,5,5,1,2,2,4,3,2,1,2,2,5,3,3,,4,5,2,5
1/2/2019 21:42:08,Student,Male,3,4,5,4,4,5,4,3,4,4,2,2,2,3,4,1,3,3,4,2,3,4,3,2,3,4,3,5,3,3,2,4
1/2/2019 21:42:54,Student,Male,3,3,3,3,2,4,4,3,1,3,2,2,3,4,4,3,3,2,5,3,2,2,2,2,4,3,3,4,2,3,4,4
1/2/2019 21:43:30,Student,Male,4,3,3,3,1,4,5,3,4,3,3,4,4,5,5,4,3,4,4,3,1,4,3,3,3,3,3,3,3,3,3,4
1/2/2019 21:48:13,Student,Female,5,4,2,3,1,5,4,4,1,5,5,3,5,4,5,5,3,5,4,1,5,1,1,3,5,1,1,1,3,3,3,5
1/2/2019 21:53:01,Student,Male,3,3,4,3,3,5,5,3,2,4,4,4,4,4,4,3,4,3,5,3,4,3,3,3,4,3,3,3,3,3,3,3
1/2/2019 21:55:15,Student,Male,4,1,5,4,1,5,5,2,1,3,2,1,4,3,4,1,1,1,4,2,5,5,3,3,4,4,4,5,2,1,1,4
1/2/2019 21:57:07,Student,Male,3,4,4,5,5,5,5,1,2,5,4,4,1,1,5,4,3,3,4,2,3,2,1,3,4,2,2,1,5,4,2,5
1/2/2019 21:58:21,Student,Male,3,1,3,5,1,5,4,1,3,4,3,1,5,5,5,2,5,1,5,5,5,4,3,3,5,4,3,3,3,4,3,5
1/2/2019 21:58:51,Faculty member,Male,4,5,5,3,3,3,3,4,2,3,4,2,4,4,4,5,3,4,4,4,5,2,3,3,4,4,4,3,3,4,3,4
1/2/2019 22:00:27,Student,Female,5,5,5,5,1,4,5,1,1,5,1,2,4,5,4,3,3,5,5,4,5,1,2,2,2,3,5,1,5,5,4,5
1/2/2019 22:03:50,Student,Male,4,2,5,5,4,3,4,3,3,5,4,1,4,4,5,4,5,4,4,,,,,,5,3,,,,,,5
1/2/2019 22:08:47,Student,Female,4,2,5,5,2,5,5,3,4,5,2,2,5,4,5,4,2,4,3,4,4,3,3,3,4,4,4,4,4,4,3,5
1/2/2019 22:10:33,Student,Male,4,1,5,3,1,5,4,2,5,4,5,1,3,3,5,1,2,2,3,4,2,,,,5,,4,,,,,5
1/2/2019 22:11:53,Student,Female,5,1,5,5,1,5,5,3,1,5,3,1,4,4,4,3,3,4,4,3,5,3,3,5,5,5,5,3,3,2,1,5
1/2/2019 22:12:51,Student,Male,5,5,5,5,1,5,5,3,4,5,5,5,5,4,5,5,5,1,3,2,5,3,3,4,5,2,4,3,3,3,2,5
1/2/2019 22:14:58,Student,Male,5,1,4,5,2,5,5,3,4,4,4,4,5,4,5,1,1,5,4,4,2,3,2,1,5,2,4,4,2,1,1,5
1/2/2019 22:17:42,Student,Female,5,4,5,5,3,4,3,4,1,2,5,1,2,4,3,3,4,1,,,,,,4,3,1,2,,5,,,4
1/2/2019 22:22:12,Student,Female,2,2,1,4,1,4,5,1,2,4,3,1,5,3,1,1,1,1,3,4,4,3,3,3,3,2,4,3,5,5,5,3
1/2/2019 22:26:32,Student,Male,4,2,4,5,2,5,3,3,4,4,3,3,5,5,5,3,3,3,3,3,4,5,3,3,3,3,3,4,4,4,2,5
1/2/2019 22:39:03,Student,Male,5,2,4,3,1,5,5,1,3,5,2,1,4,3,1,2,1,1,5,3,4,3,3,3,5,5,3,3,4,2,2,5
1/2/2019 22:43:53,Student,Male,2,5,3,1,3,5,5,3,1,1,1,4,5,3,5,3,3,4,1,1,3,1,1,3,3,3,3,1,1,1,1,1
1/2/2019 22:46:36,Student,Female,4,1,2,5,1,3,4,1,3,4,2,1,3,2,5,1,4,1,5,3,5,3,3,3,5,5,4,2,1,3,3,5
1/2/2019 22:52:17,Student,Female,4,1,4,2,1,3,4,4,3,3,3,1,4,3,3,1,1,1,4,5,3,1,3,3,3,4,5,1,4,3,3,5
1/2/2019 22:55:51,Student,Male,3,2,5,3,1,5,5,2,2,5,4,3,4,3,5,1,1,1,4,4,5,5,3,3,4,4,5,4,2,1,1,5
1/2/2019 23:00:12,Student,Female,4,2,2,5,4,3,4,2,5,4,1,3,4,4,3,4,1,3,3,1,1,1,3,1,1,3,1,1,3,3,3,3
1/2/2019 23:00:23,Student,Female,2,1,4,4,1,5,5,5,1,5,1,1,4,1,4,1,1,4,,3,2,,,,4,2,2,,4,1,,3
1/2/2019 23:00:30,Student,Male,4,2,5,3,3,5,4,3,3,3,1,2,4,4,4,2,3,2,3,2,4,3,3,3,5,3,2,3,2,3,3,4
1/2/2019 23:05:18,Faculty member,Female,1,5,5,5,1,1,3,5,3,1,5,1,5,5,5,5,5,5,5,,1,,,,,,,,,,,
1/2/2019 23:06:58,Student,Male,4,4,5,3,2,5,4,3,1,5,4,3,1,4,4,1,2,1,5,3,3,4,3,3,4,4,3,5,4,5,3,5
1/2/2019 23:18:48,Student,Male,4,3,4,3,1,5,5,3,3,4,4,2,4,1,3,1,1,2,3,4,5,4,3,3,5,4,4,4,3,2,2,5
1/2/2019 23:24:17,Student,Male,5,4,5,5,1,5,5,2,2,5,4,5,4,5,5,4,1,1,,,4,,,,5,4,4,3,,2,,5
1/2/2019 23:26:42,Student,Male,4,2,5,5,1,5,5,4,1,5,5,1,5,4,5,2,3,1,3,4,3,2,3,3,5,2,5,5,3,3,3,5
1/2/2019 23:35:13,Student,Male,4,3,4,4,1,5,5,2,3,5,4,4,4,4,4,3,1,1,4,3,3,3,1,1,4,3,3,4,3,2,2,4
1/2/2019 23:37:06,Student,Female,4,1,4,5,1,1,5,3,1,1,1,1,3,2,4,1,1,1,1,,1,1,1,1,1,1,1,2,1,1,1,2
1/2/2019 23:37:16,Student,Male,4,4,4,5,4,5,5,3,2,3,3,1,3,4,3,5,1,2,4,3,5,2,3,3,3,3,2,2,1,1,3,5
1/2/2019 23:37:32,Student,Female,5,3,1,5,1,1,1,3,1,1,2,1,5,5,4,2,4,5,4,4,3,,1,1,5,3,3,4,1,4,1,5
1/2/2019 23:42:17,Student,Female,3,3,5,3,1,5,4,5,2,5,2,5,4,5,4,1,1,1,5,4,,4,,,3,,2,1,3,4,5,5
1/2/2019 23:48:00,Student,Male,5,5,4,5,4,5,5,2,1,4,5,3,4,5,5,4,2,4,4,1,3,2,1,1,3,4,1,5,1,2,1,5
1/2/2019 23:51:24,Student,Male,4,2,5,5,1,5,4,4,3,4,3,5,4,4,5,2,3,3,5,3,4,3,3,,5,,,,,5,,5
1/2/2019 23:56:10,Student,Female,4,4,5,4,1,5,5,1,1,4,1,1,3,4,5,1,2,3,4,3,3,1,3,1,2,3,2,1,3,4,1,5
1/2/2019 23:56:23,Student,Male,4,3,5,3,1,5,4,3,1,3,4,5,4,4,5,1,2,1,4,4,1,5,3,3,4,2,3,5,1,3,3,5
1/2/2019 23:56:58,Student,Male,4,5,5,4,3,5,4,5,1,4,4,1,4,3,5,3,2,3,5,4,5,5,3,3,5,5,4,2,3,3,3,5
1/3/2019 0:06:11,Student,Male,5,5,5,2,1,5,5,3,1,4,2,1,5,2,4,2,3,3,4,3,4,3,3,3,5,2,4,2,1,4,1,4
1/3/2019 0:08:32,Student,Female,4,4,4,4,1,3,3,2,3,4,1,2,5,5,3,2,4,4,5,3,4,1,2,2,5,3,4,1,2,3,1,4
1/3/2019 0:11:08,Student,Female,5,4,5,4,1,4,3,2,1,2,1,4,4,5,4,3,5,4,3,5,2,1,3,3,5,4,5,1,4,5,3,5
1/3/2019 0:17:54,Student,Male,4,5,5,3,2,5,5,5,5,5,5,5,3,5,5,5,5,5,,3,,,,,4,3,2,,,,,4
1/3/2019 0:19:11,Student,Male,2,4,3,3,1,5,5,3,2,3,3,5,4,3,5,1,3,2,3,2,3,4,,,3,4,3,3,2,2,,5
1/3/2019 0:23:20,Student,Male,2,1,5,3,2,5,5,1,5,5,5,3,4,1,5,1,1,1,5,1,5,4,,,3,5,3,4,,,,5
1/3/2019 0:28:01,Student,Female,3,5,5,5,4,5,2,3,3,5,3,2,3,4,4,3,3,3,,3,,,,,3,3,4,,5,,,3
1/3/2019 0:31:32,Student,Female,4,1,5,4,1,5,5,3,2,4,2,1,4,3,4,1,1,1,3,4,3,2,2,1,5,4,4,2,4,5,5,5
1/3/2019 0:33:42,Student,Male,4,1,3,3,2,5,4,3,3,5,4,2,5,5,3,5,1,1,5,3,2,5,1,5,2,3,4,3,1,3,1,5
1/3/2019 0:38:12,Student,Male,4,1,5,3,2,5,5,4,3,4,3,1,5,3,4,2,1,1,5,3,4,3,4,2,4,4,5,4,4,5,3,5
1/3/2019 0:39:37,Student,Male,3,5,2,4,1,5,4,3,2,4,3,2,2,4,3,3,3,2,5,3,3,1,1,1,2,2,2,1,1,5,1,3
1/3/2019 0:49:35,Student,Male,4,4,4,4,2,4,4,4,4,4,4,1,4,4,4,4,4,4,4,4,4,2,,,4,4,4,,,4,4,5
1/3/2019 0:56:30,Student,Female,4,4,2,1,1,2,2,3,1,3,3,5,5,5,3,4,4,1,5,3,1,4,1,1,4,4,4,1,1,1,1,4
1/3/2019 1:01:28,Faculty member,Male,4,3,5,3,1,5,5,3,3,5,4,1,4,4,4,4,3,3,3,4,2,3,3,3,4,4,3,3,3,4,3,4
1/3/2019 1:03:37,Student,Male,4,5,5,1,1,3,4,5,1,5,2,3,3,4,5,4,5,5,3,3,5,5,3,3,5,4,1,5,3,3,3,2
1/3/2019 1:06:14,Student,Female,1,5,5,2,2,5,4,1,3,5,2,2,4,2,5,5,3,2,5,4,5,3,2,2,5,4,4,3,4,3,4,5
1/3/2019 1:09:19,Student,Male,4,2,4,5,1,5,4,3,2,4,2,1,5,3,5,4,1,4,4,4,3,1,3,3,4,4,4,2,4,3,3,5
1/3/2019 1:17:10,Student,Male,4,4,3,2,2,5,5,3,3,4,3,4,2,4,3,4,1,2,5,3,2,3,4,3,5,4,4,3,3,4,3,5
1/3/2019 1:32:22,Student,Female,4,1,4,4,1,5,4,4,3,4,3,1,3,3,4,5,1,4,5,5,4,3,3,3,3,4,4,4,3,3,3,5
1/3/2019 1:35:32,Student,Male,4,5,3,3,2,5,4,3,2,4,3,5,4,3,5,2,4,3,5,3,4,1,2,2,3,3,5,2,4,5,3,5
1/3/2019 1:38:18,Student,Male,4,2,5,4,1,4,5,5,3,5,2,1,5,3,5,2,2,5,3,2,4,4,4,2,3,3,2,3,2,2,2,5
1/3/2019 1:48:16,Student,Female,2,1,4,3,1,5,5,4,4,5,2,5,5,5,4,5,2,5,3,5,1,1,3,3,2,5,5,1,3,5,3,5
1/3/2019 1:52:03,Student,Male,3,1,4,4,2,4,4,1,1,3,1,2,4,3,3,3,2,1,4,3,3,4,3,4,3,2,1,2,3,4,3,5
1/3/2019 2:08:29,Faculty member,Male,4,3,5,5,2,5,4,4,1,5,4,3,5,4,5,4,4,4,4,3,2,3,3,3,4,4,4,1,3,4,3,5
1/3/2019 2:10:04,Student,Male,3,1,5,2,2,5,4,2,3,4,2,1,4,2,5,1,1,1,4,2,3,3,3,2,2,1,1,4,3,5,2,3
1/3/2019 3:20:22,Student,Female,5,4,3,4,1,5,5,1,3,4,2,1,5,5,5,5,2,4,4,2,3,1,,,4,2,4,1,,3,,4
1/3/2019 3:38:45,Student,Female,4,4,3,4,1,5,5,2,2,2,1,4,5,1,5,3,3,2,4,3,2,1,1,1,5,4,3,1,5,5,2,4
1/3/2019 5:00:36,Student,Male,4,4,5,4,3,5,5,1,2,4,4,5,5,4,5,5,1,5,4,3,2,3,3,3,5,4,5,2,5,3,3,4
1/3/2019 5:58:54,Student,Male,4,2,3,3,1,5,4,3,2,4,3,,5,4,5,2,4,2,5,,2,,,,3,2,,,,5,,5
1/3/2019 6:11:24,Student,Female,4,3,4,4,2,5,5,4,3,4,3,4,5,5,5,4,4,3,4,5,3,3,3,3,3,4,4,1,2,5,5,5
1/3/2019 6:14:25,Student,Male,4,2,4,4,2,5,5,2,5,4,1,3,4,2,4,1,1,3,3,3,4,3,3,3,4,5,3,4,3,5,3,5
1/3/2019 6:49:28,Student,Male,3,4,3,3,1,5,5,4,3,5,3,2,3,5,5,3,3,3,3,3,3,4,5,3,5,4,3,2,5,4,3,5
1/3/2019 7:04:02,Student,Male,3,1,4,4,2,5,4,1,2,3,2,1,4,4,3,2,2,4,4,2,3,3,3,3,4,4,2,4,2,2,2,3
1/3/2019 7:05:46,Faculty member,Male,5,1,5,5,1,5,5,2,2,4,2,2,3,4,4,1,1,2,2,5,5,1,2,2,4,5,3,2,1,1,1,5
1/3/2019 7:07:13,Student,Male,4,5,5,5,1,5,5,3,2,5,2,1,4,3,5,3,2,2,5,5,3,3,3,3,3,5,5,3,3,3,3,5
1/3/2019 7:28:46,Student,Male,3,2,4,5,4,4,4,4,4,5,2,4,3,4,5,5,4,2,5,3,5,4,3,3,5,2,3,3,3,3,3,4
1/3/2019 7:31:20,Faculty member,Male,4,2,5,4,5,5,5,4,4,5,4,3,4,4,4,1,2,3,5,,4,,,,5,5,4,,,,,5
1/3/2019 7:39:21,Student,Male,3,4,5,4,1,3,4,4,1,3,4,1,3,4,5,1,1,1,5,3,3,1,3,3,3,2,2,4,3,3,3,3
1/3/2019 7:39:49,Faculty member,Male,5,5,5,5,5,5,5,5,5,5,5,3,5,5,5,5,3,3,5,2,5,3,5,3,4,1,2,4,1,3,3,5
1/3/2019 7:41:53,Student,Male,4,3,5,4,3,5,5,4,2,5,3,1,4,5,5,1,1,1,5,1,1,4,3,3,3,3,3,4,1,5,3,5
1/3/2019 7:45:28,Student,Male,4,3,4,4,3,5,5,3,3,4,3,3,3,3,4,3,3,2,3,3,3,3,3,3,3,3,2,4,3,3,3,3
1/3/2019 7:46:13,Student,Female,4,1,2,5,1,4,5,5,5,5,1,1,3,5,5,1,5,1,5,4,3,2,4,3,3,5,4,2,3,4,3,5
1/3/2019 7:50:34,Faculty member,Male,5,3,5,5,1,5,5,3,1,4,4,1,5,5,5,4,2,1,4,4,4,3,2,2,4,5,5,1,2,2,2,5
1/3/2019 8:00:48,Student,Female,4,4,2,4,1,4,5,2,1,2,4,4,5,5,5,2,4,3,5,5,2,3,1,1,4,2,3,2,4,4,2,2
1/3/2019 8:07:35,Student,Male,3,3,5,4,2,5,4,1,3,4,4,2,3,5,4,1,2,3,2,4,1,3,5,2,1,1,5,3,3,3,3,4
1/3/2019 8:12:18,Student,Male,3,3,3,3,3,5,3,3,1,3,2,1,3,3,3,1,3,3,5,2,5,3,3,3,5,3,3,5,3,3,5,3
1/3/2019 8:22:46,Faculty member,Male,4,5,5,2,1,5,4,3,1,5,4,2,1,3,4,2,3,3,5,,4,,,,4,4,4,,,,,4
1/3/2019 8:27:41,Faculty member,Female,4,2,4,5,1,5,5,4,2,5,4,2,4,4,5,1,2,4,5,3,4,2,3,4,3,3,4,1,4,4,3,4
1/3/2019 8:44:42,Student,Male,5,5,5,5,3,5,5,5,2,5,5,5,2,5,5,5,3,1,5,3,4,4,3,3,4,5,3,1,3,3,3,5
1/3/2019 8:47:27,Student,Male,3,5,5,3,4,5,3,3,5,4,3,3,3,5,5,3,1,1,5,1,4,1,1,1,5,3,2,1,3,3,3,5
1/3/2019 8:48:03,Student,Female,4,3,4,5,5,5,3,3,2,5,2,2,4,4,4,4,2,5,3,4,5,5,2,2,5,3,3,2,2,2,2,5
1/3/2019 8:57:56,Student,Male,3,4,4,4,2,5,5,2,1,3,3,3,4,4,4,2,3,3,4,2,3,1,3,3,2,2,2,3,4,3,3,4
1/3/2019 9:05:07,Student,Male,3,3,2,4,1,5,5,1,2,5,2,1,4,3,2,1,1,1,3,1,1,4,3,3,4,4,4,2,3,3,3,4
1/3/2019 9:11:57,Student,Male,4,4,5,3,1,5,5,1,1,4,1,1,4,4,5,1,1,1,5,3,5,4,3,2,4,2,1,4,2,4,2,3
1/3/2019 9:12:48,Student,Male,2,1,3,3,3,4,5,4,3,3,5,1,4,2,4,3,1,1,4,,5,,,,3,3,3,,,5,,4
1/3/2019 9:14:11,Student,Male,4,1,4,3,1,5,5,3,3,3,2,1,3,2,4,2,1,2,1,1,3,3,3,1,4,2,1,4,2,2,1,5
1/3/2019 9:16:59,Student,Female,4,2,2,5,1,2,2,3,3,2,4,4,5,5,5,4,4,2,,2,,3,,,5,3,4,4,,3,,5
1/3/2019 9:22:57,Student,Male,4,2,4,3,1,5,4,1,1,5,1,2,4,2,3,5,1,2,4,2,4,1,,,4,3,3,2,3,,,4
1/3/2019 9:25:04,Student,Male,3,3,3,3,3,4,5,4,2,1,2,3,5,4,5,3,5,2,5,4,5,3,3,3,2,3,3,4,3,2,3,5
1/3/2019 9:27:37,Student,Male,3,2,3,4,2,5,5,3,3,5,3,2,5,4,4,2,2,2,5,5,5,4,3,3,4,4,3,3,2,3,3,5
1/3/2019 9:28:00,Student,Male,5,4,5,2,4,5,5,4,5,5,5,4,4,5,5,5,4,4,5,3,2,3,3,3,4,5,2,1,4,5,2,5
1/3/2019 9:38:38,Student,Female,3,5,5,1,3,5,5,5,3,5,3,3,4,4,5,4,5,4,4,2,3,1,3,3,4,4,5,3,3,4,3,5
1/3/2019 9:39:16,Student,Female,5,5,5,5,3,5,5,2,2,3,2,5,4,5,4,5,4,4,4,4,4,1,3,3,5,5,5,4,4,3,5,5
1/3/2019 9:39:31,Faculty member,Male,4,3,5,4,2,5,4,3,3,4,4,5,3,4,4,4,3,3,5,4,5,2,2,3,5,5,3,2,3,3,3,5
1/3/2019 9:39:33,Student,Female,3,5,3,4,2,5,4,3,2,4,3,4,4,4,3,4,2,1,5,4,4,3,3,3,3,4,4,3,3,4,3,5
1/3/2019 9:44:02,Student,Male,4,5,5,1,1,5,3,2,1,5,1,3,4,1,5,1,1,1,4,3,5,4,3,3,3,2,2,2,2,1,1,4
1/3/2019 9:46:43,Faculty member,Male,2,2,4,,3,3,,,4,4,,,5,,,5,,1,3,5,4,4,3,5,,2,4,,,3,3,4
1/3/2019 9:48:56,Faculty member,Female,4,5,5,3,1,5,3,4,2,4,4,1,2,3,3,3,3,4,,,5,,,,5,4,4,,,,,
1/3/2019 9:54:17,Student,Male,3,1,2,4,1,5,5,1,1,3,4,1,5,1,5,3,1,1,1,1,1,3,1,1,3,3,1,2,1,1,1,5
1/3/2019 9:57:39,Student,Male,5,4,3,5,1,5,5,3,2,4,4,4,5,5,5,1,2,1,5,3,5,2,3,3,5,3,5,5,5,3,3,5
1/3/2019 9:58:05,Student,Male,5,4,5,5,2,5,4,3,3,4,3,,4,5,4,5,,,,3,,,,,3,4,3,,,,,5
1/3/2019 9:59:35,Student,Male,3,2,4,3,4,5,5,1,4,5,2,1,5,2,5,2,2,2,,,4,4,,,4,3,4,,5,,,5
1/3/2019 9:59:50,Student,Female,5,5,3,4,1,4,4,1,5,5,1,1,5,2,3,4,3,1,3,5,1,5,1,1,1,5,5,5,5,5,5,3
1/3/2019 10:06:05,Student,Male,3,1,,4,2,5,5,1,2,5,2,3,5,3,5,2,2,3,4,2,1,3,3,3,4,4,2,3,3,3,3,4
1/3/2019 10:09:26,Student,Female,4,5,2,3,1,4,4,1,1,4,2,4,3,5,4,2,5,3,,2,3,,2,4,5,4,4,,4,,,5
1/3/2019 10:13:14,Student,Male,3,3,5,3,1,4,5,5,3,5,5,1,3,1,3,1,1,1,2,2,5,1,3,2,5,4,5,1,1,3,1,5
1/3/2019 10:14:20,Student,Male,4,3,5,4,1,5,5,4,1,5,4,5,5,5,5,2,3,3,4,5,5,4,3,4,4,4,4,4,4,3,2,5
1/3/2019 10:15:18,Student,Male,3,3,2,4,1,5,5,1,1,3,1,1,4,4,4,2,3,1,3,3,4,3,3,3,4,4,3,5,3,3,3,5
1/3/2019 10:39:16,Student,Male,3,2,4,4,1,5,5,3,3,5,2,3,5,3,5,2,1,2,5,3,4,1,2,2,5,4,3,2,2,2,2,4
1/3/2019 10:45:40,Student,Male,3,4,5,3,1,5,4,1,2,5,4,5,4,5,5,4,1,3,4,4,2,3,3,3,5,4,3,4,4,3,3,5
1/3/2019 10:53:08,Student,Male,3,2,3,4,2,5,3,1,3,3,2,1,5,3,4,2,2,2,5,3,4,4,3,3,4,4,4,3,3,3,3,5
1/3/2019 10:59:05,Student,Male,3,2,4,4,1,5,4,4,2,5,2,5,5,4,5,3,1,1,,5,2,5,,,5,4,1,5,,,,3
1/3/2019 11:05:20,Student,Male,4,4,4,3,1,5,4,4,4,5,3,3,4,4,5,1,1,2,3,2,4,,,,3,4,,,4,,,5
1/3/2019 11:12:17,Student,Male,4,3,4,3,1,5,5,3,1,4,3,4,3,5,4,3,2,1,3,3,2,4,3,4,4,4,4,2,4,3,2,5
1/3/2019 11:13:08,Student,Male,4,2,5,5,4,4,4,4,3,4,3,2,2,3,4,2,1,1,4,3,4,1,3,3,5,4,2,1,3,3,3,4
1/3/2019 11:18:09,Student,Male,2,1,5,4,1,5,4,2,3,3,5,5,5,5,5,2,1,4,4,3,4,4,2,2,5,4,2,5,2,4,2,5
1/3/2019 11:22:10,Faculty member,Female,5,3,5,3,2,5,5,5,1,4,1,5,3,5,5,3,4,2,4,3,3,3,,,4,5,4,,,3,,5
1/3/2019 11:22:13,Student,Female,5,1,3,5,4,3,5,2,1,1,1,1,4,4,4,3,5,4,5,4,1,1,2,1,1,3,2,1,1,5,2,5
1/3/2019 11:22:33,Student,Male,2,1,3,3,2,5,5,3,2,4,1,3,3,4,5,2,1,3,4,2,5,5,3,3,4,4,3,4,2,4,2,5
1/3/2019 11:31:16,Student,Male,4,2,5,3,2,5,4,4,2,4,1,1,4,5,5,2,2,1,5,3,4,5,3,3,4,4,3,4,2,3,3,5
1/3/2019 11:52:31,Student,Male,4,4,2,4,3,5,5,1,5,4,4,3,4,4,4,2,1,3,2,2,4,3,3,3,4,4,4,2,1,3,3,5
1/3/2019 11:55:44,Student,Female,2,5,5,3,1,4,5,2,1,4,4,1,1,5,5,1,1,1,5,4,5,4,1,3,1,2,3,3,3,4,5,5
1/3/2019 11:58:52,Student,Male,2,4,5,5,1,5,3,4,3,4,3,2,,5,5,5,2,3,4,5,5,2,3,3,5,3,5,3,,5,2,5
1/3/2019 12:19:42,Student,Female,2,4,5,5,1,5,4,5,4,5,4,3,4,4,5,1,3,2,4,4,4,2,3,3,4,5,4,3,5,5,5,4
1/3/2019 12:33:31,Student,Male,4,4,4,5,5,5,4,4,3,5,3,1,4,5,5,5,2,5,5,4,5,3,3,3,5,4,5,3,5,5,3,5
1/3/2019 12:34:55,Student,Male,2,4,4,3,1,5,5,4,3,5,3,4,5,5,4,3,1,3,5,5,2,5,3,3,4,4,3,5,3,3,4,4
1/3/2019 12:35:51,Student,Male,4,1,5,5,4,5,5,1,3,5,2,1,5,5,5,4,1,3,5,4,5,1,,,4,5,3,1,,,,5
1/3/2019 12:40:45,Student,Male,2,2,4,4,1,4,5,4,3,4,1,2,5,5,3,1,2,2,3,2,3,3,2,3,3,3,3,3,3,3,3,3
1/3/2019 12:46:30,Student,Male,3,4,5,4,5,5,5,3,2,4,4,4,5,4,3,4,3,2,,4,5,,,,5,,,,,,,5
1/3/2019 12:52:34,Student,Male,5,1,5,5,1,5,5,1,2,5,2,1,5,3,5,5,1,1,4,1,4,3,3,1,4,1,1,5,1,1,1,4
1/3/2019 12:59:44,Student,Male,4,4,5,4,4,4,4,4,4,4,4,2,4,4,4,5,3,3,4,4,3,4,3,3,4,3,3,5,3,3,3,5
1/3/2019 13:08:21,Student,Male,2,1,4,3,5,5,5,1,4,5,2,1,4,1,4,1,1,1,3,2,4,,,,4,3,2,5,,,,5
1/3/2019 13:09:46,Student,Male,4,1,4,4,1,4,5,5,1,3,1,1,5,4,5,1,3,2,3,3,2,1,1,1,5,3,3,1,1,3,3,4
1/3/2019 13:14:07,Student,Male,5,2,3,4,1,5,5,1,1,5,3,1,5,5,5,2,2,1,2,5,2,4,3,3,5,4,5,4,3,3,3,5
1/3/2019 13:17:01,Student,Male,4,3,5,3,1,4,3,4,2,4,3,3,3,4,4,1,1,1,4,1,3,1,2,1,4,3,1,1,1,3,1,3
1/3/2019 13:20:05,Student,Male,3,2,4,3,1,4,4,1,1,4,2,1,4,3,5,4,1,2,3,4,4,3,2,3,4,3,3,4,2,1,2,4
1/3/2019 13:20:57,Student,Male,4,4,5,3,3,5,5,2,1,4,2,2,5,5,4,2,4,1,5,3,5,3,,,4,4,3,5,,,,4
1/3/2019 13:32:33,Student,Male,3,5,3,4,2,4,5,2,4,4,3,1,1,2,5,2,4,1,4,2,3,1,2,2,4,4,4,2,2,4,2,5
1/3/2019 13:32:45,Student,Male,3,5,4,3,3,4,4,2,1,3,3,4,4,4,4,3,4,4,5,3,4,1,3,3,3,4,4,4,3,3,3,4
1/3/2019 14:00:23,Student,Male,5,5,4,5,4,5,5,2,2,4,4,3,5,2,5,5,1,2,,3,5,2,,,4,2,3,4,,,,5
1/3/2019 14:02:21,Student,Male,5,5,5,5,1,5,5,1,1,5,1,3,5,5,5,4,3,5,5,1,3,2,3,3,5,3,3,2,2,3,3,5
1/3/2019 14:03:18,Student,Male,5,5,2,5,3,5,5,3,1,5,4,5,5,5,5,1,1,1,3,3,3,3,3,3,3,3,3,3,3,3,3,3
1/3/2019 14:03:45,Student,Male,4,4,4,4,2,5,5,2,2,5,3,4,4,5,5,4,3,2,4,4,3,3,3,3,4,4,4,3,3,3,3,4
1/3/2019 14:12:43,Student,Male,4,3,4,4,5,5,4,4,4,2,2,3,3,5,5,1,3,2,5,3,5,4,3,3,4,4,4,4,3,3,3,5
1/3/2019 14:27:48,Student,Male,4,4,4,4,1,5,4,4,4,4,5,5,4,4,4,2,4,2,4,3,2,3,3,3,5,3,3,4,3,3,3,4
1/3/2019 14:30:59,Student,Female,4,1,5,3,2,3,5,3,2,5,4,1,5,5,4,4,4,3,4,4,2,3,,3,4,3,4,3,3,5,5,5
1/3/2019 14:32:31,Student,Male,3,3,4,3,1,4,4,2,5,5,5,1,4,5,4,5,1,2,4,2,2,3,2,2,4,4,3,3,4,1,1,4
1/3/2019 14:34:19,Student,Male,3,3,4,3,2,4,4,4,1,5,2,1,5,4,5,2,1,4,5,2,5,3,3,3,4,5,5,4,3,3,3,5
1/3/2019 14:34:48,Student,Male,3,1,4,4,1,5,5,4,3,3,2,1,5,5,5,1,1,2,5,1,5,5,2,2,5,5,3,5,2,2,1,5
1/3/2019 14:35:39,Student,Male,3,3,4,2,1,5,3,5,1,5,5,5,4,4,4,2,2,2,4,1,3,1,1,1,4,4,3,2,1,3,1,3
1/3/2019 14:55:53,Student,Male,2,5,5,4,1,5,4,4,5,5,5,1,5,3,5,5,4,1,4,2,1,3,3,3,5,4,4,5,2,2,2,5
1/3/2019 15:01:28,Student,Male,3,5,4,5,2,4,5,3,4,4,4,3,4,3,4,3,2,3,4,4,5,2,2,2,3,3,3,2,2,5,2,4
1/3/2019 15:09:09,Student,Female,5,1,3,4,5,4,3,2,3,3,4,2,1,3,3,2,3,4,4,4,5,,,,4,3,3,,5,,,5
1/3/2019 15:17:51,Student,Female,5,5,4,5,5,5,5,1,3,5,5,4,5,5,5,5,2,4,5,4,5,1,5,5,5,5,5,,5,5,5,
1/3/2019 15:20:43,Student,Male,2,3,4,4,2,5,5,3,2,4,2,5,5,5,4,5,3,4,5,1,1,3,2,2,5,2,4,5,3,3,1,5
1/3/2019 15:21:08,Student,Male,4,4,5,3,1,2,3,3,2,4,3,5,4,4,4,2,1,1,1,2,5,5,3,3,4,3,4,4,5,2,2,3
1/3/2019 15:33:19,Student,Male,4,5,5,4,1,4,5,3,1,5,3,3,5,4,5,2,3,5,4,3,3,3,3,3,4,3,2,3,3,3,3,4
1/3/2019 15:37:46,Student,Female,5,2,5,5,1,5,5,1,3,4,2,1,4,5,5,1,1,1,5,2,,3,3,3,4,3,4,3,3,3,3,5
1/3/2019 15:42:14,Student,Male,4,3,5,4,2,5,5,4,3,5,2,2,5,5,5,2,1,1,5,4,5,2,3,3,5,5,4,3,3,3,3,5
1/3/2019 15:42:17,Student,Female,4,5,1,5,1,1,1,2,1,1,3,1,5,5,4,4,5,5,5,3,3,4,3,3,2,2,3,3,3,4,4,4
1/3/2019 15:54:42,Student,Male,4,5,5,5,1,5,5,4,1,5,3,4,5,2,5,1,,,5,4,2,,,,,1,1,,,,,4
1/3/2019 16:03:07,Student,Female,1,1,3,5,1,5,5,4,1,5,1,1,4,2,5,1,1,1,3,3,5,3,3,3,3,3,4,4,3,5,3,5
1/3/2019 16:03:19,Student,Male,1,4,3,2,1,5,5,1,3,3,1,1,5,3,4,1,1,1,4,3,3,4,3,1,4,4,2,5,2,5,5,4
1/3/2019 16:04:58,Student,,1,1,3,5,1,5,5,1,1,4,1,1,5,5,5,1,1,1,5,4,1,1,1,1,4,5,1,1,1,1,1,5
1/3/2019 16:08:37,Student,Female,3,3,4,5,1,4,5,4,1,5,3,1,4,3,5,2,2,2,4,4,2,1,3,4,4,5,5,1,4,3,2,5
1/3/2019 16:10:45,Student,Male,3,2,5,3,2,5,4,,2,4,2,1,,4,2,3,1,1,3,3,2,4,3,3,4,4,2,4,2,2,2,5
1/3/2019 16:17:12,Student,Male,3,2,5,3,2,5,2,3,2,5,5,5,5,5,5,1,1,4,,3,4,,,,4,3,3,4,,,,4
1/3/2019 16:22:38,Student,Male,4,2,5,2,4,5,5,5,1,2,1,1,5,1,5,1,1,1,5,1,5,5,3,3,5,2,1,4,2,4,3,5
1/3/2019 16:25:46,Student,Male,3,3,5,4,2,5,5,3,1,5,1,5,3,1,3,1,1,1,2,2,5,5,3,3,5,4,4,5,5,1,1,5
1/3/2019 16:27:44,Student,Female,4,3,4,4,1,5,4,5,2,4,3,3,5,5,4,2,4,2,5,4,4,3,4,4,4,4,3,2,5,5,3,5
1/3/2019 16:36:30,Student,Male,2,4,4,4,1,5,5,3,2,4,1,1,5,5,5,2,4,2,5,3,4,3,3,3,4,4,5,4,5,3,2,4
1/3/2019 16:38:44,Student,Male,5,3,4,5,1,5,5,3,1,4,3,2,4,3,5,1,1,2,3,3,5,3,1,1,5,4,3,4,3,1,1,4
1/3/2019 16:40:47,Student,Male,5,5,5,5,3,5,5,4,3,4,5,4,3,5,4,4,4,1,4,3,4,3,5,5,5,4,4,3,3,3,3,5
1/3/2019 16:46:38,Student,Male,4,3,4,4,1,5,5,4,1,5,5,2,5,5,5,4,3,4,5,3,4,4,3,3,4,4,3,4,3,3,3,4
1/3/2019 16:47:11,Student,Male,3,3,4,4,4,5,5,4,3,4,4,2,5,3,4,4,1,,3,2,5,1,1,1,4,3,3,2,1,1,1,5
1/3/2019 16:49:17,Student,Male,1,3,4,4,2,5,4,4,4,5,2,1,3,4,4,1,,3,5,5,5,1,2,2,5,4,4,1,2,2,2,4
1/3/2019 16:54:12,Student,Male,5,3,5,5,2,5,5,,3,4,4,3,5,3,5,3,1,1,5,4,4,3,5,1,4,4,3,4,2,4,4,5
1/3/2019 16:54:25,Student,Male,4,1,4,3,1,5,5,4,2,4,2,4,3,2,5,1,1,1,4,2,4,2,2,2,4,2,2,4,2,4,2,3
1/3/2019 17:00:42,Student,Male,3,4,2,3,1,5,4,3,2,2,1,2,4,4,4,1,1,2,4,2,4,1,3,3,4,4,2,2,2,3,2,5
1/3/2019 17:10:09,Student,Male,5,3,4,4,2,5,5,3,1,3,2,3,5,5,5,2,2,2,5,4,3,3,3,3,3,4,4,3,3,3,3,5
1/3/2019 17:15:48,Student,Female,5,1,5,2,3,2,4,1,4,4,1,1,2,1,3,2,1,2,5,4,5,5,4,2,3,4,3,3,5,5,4,5
1/3/2019 17:16:35,Student,Male,3,4,4,4,1,5,4,5,1,5,3,3,5,5,4,4,1,3,5,2,5,1,2,2,4,3,2,4,2,2,2,3
1/3/2019 17:18:33,Student,Male,4,2,5,3,1,5,4,3,2,5,1,1,2,4,5,2,3,1,4,,,,,,5,4,,,,,,5
1/3/2019 17:19:39,Student,Male,5,1,4,5,2,5,4,2,2,5,1,1,4,3,4,2,3,3,4,2,4,3,3,3,4,3,3,3,3,3,3,3
1/3/2019 17:27:04,Student,Male,3,2,5,4,4,5,4,2,5,3,2,1,4,2,5,2,1,1,4,5,4,3,3,3,4,4,4,2,3,3,3,5
1/3/2019 17:28:34,Student,Male,4,1,2,4,1,2,5,2,4,4,2,1,3,3,3,1,1,3,4,1,5,3,3,3,2,5,4,2,2,1,1,5
1/3/2019 17:30:51,Student,Female,5,3,5,5,1,2,4,4,3,3,3,1,5,4,5,1,1,1,5,5,2,2,2,2,5,3,5,2,5,2,2,5
1/3/2019 17:35:44,Student,Male,3,2,4,4,1,5,5,4,2,4,3,1,5,5,4,1,1,1,,,1,3,,,4,5,4,,,,,5
1/3/2019 17:36:57,Student,Female,4,1,5,5,2,4,5,4,3,3,1,3,4,2,5,1,1,5,5,4,3,3,3,3,3,3,5,2,3,3,3,4
1/3/2019 17:37:36,Student,Male,3,1,4,3,1,5,4,4,2,5,2,1,4,4,5,2,2,2,3,2,4,1,3,3,3,3,2,2,3,3,4,4
1/3/2019 17:44:30,Student,Female,1,1,5,2,2,5,3,2,2,2,2,2,4,5,5,1,1,2,3,2,2,4,3,3,2,5,3,3,4,4,5,5
1/3/2019 17:46:39,Student,Male,5,5,5,5,1,3,4,3,1,5,4,1,3,2,3,3,2,2,3,3,4,2,3,3,4,4,4,3,3,3,3,5
1/3/2019 17:47:00,Student,Female,5,3,1,4,1,1,5,3,2,1,1,1,5,5,5,2,5,5,5,2,4,4,3,3,4,2,3,5,4,4,3,3
1/3/2019 17:49:03,Student,Male,3,5,5,4,1,5,4,5,5,5,3,5,5,5,5,3,5,3,5,3,5,5,3,3,5,3,3,5,3,5,3,5
1/3/2019 18:02:46,Student,Female,4,4,3,4,4,4,3,3,2,4,4,3,4,4,3,3,2,3,3,3,4,3,3,3,4,3,4,4,3,3,3,4
1/3/2019 18:04:17,Student,Male,3,3,3,3,1,5,3,3,1,4,5,5,2,3,4,4,3,2,3,3,1,5,3,3,3,3,3,3,3,5,3,5
1/3/2019 18:05:36,Student,Male,5,3,5,5,2,5,5,2,2,5,3,3,4,5,5,5,2,2,5,5,4,2,3,3,3,5,3,2,3,3,3,5
1/3/2019 18:08:13,Student,Male,3,1,5,4,3,4,5,1,2,3,1,3,5,5,5,1,2,1,5,3,4,5,1,3,2,4,2,1,1,1,2,4
1/3/2019 18:08:47,Student,Male,5,5,5,5,1,5,5,1,1,2,3,1,5,5,5,5,5,3,3,4,4,5,3,3,5,3,3,3,3,5,3,5
1/3/2019 18:22:46,Student,Male,1,3,5,3,1,5,4,3,1,2,5,3,1,1,4,3,1,1,5,3,5,3,3,3,4,5,5,5,3,3,3,5
1/3/2019 18:26:10,Student,Male,4,3,5,5,1,5,5,4,1,5,3,3,4,5,3,3,1,5,5,3,2,,,,3,3,4,4,,,,5
1/3/2019 18:29:18,Student,Male,3,1,5,4,2,3,5,4,4,5,5,3,5,1,4,1,2,3,4,4,4,3,1,1,5,5,2,1,1,2,1,5
1/3/2019 18:29:52,Student,Male,3,4,5,3,1,3,3,2,1,4,3,1,4,5,4,1,4,3,3,1,1,3,3,3,3,4,3,1,1,1,3,4
1/3/2019 18:31:17,Student,Male,4,4,4,4,1,5,5,5,4,5,5,3,5,5,5,5,1,4,4,3,5,3,3,3,4,3,3,3,3,3,3,3
1/3/2019 18:33:17,Student,Male,3,2,4,4,2,5,5,1,1,5,5,1,5,5,5,2,2,1,4,2,5,5,3,3,4,4,4,4,3,3,3,4
1/3/2019 18:35:57,Student,Male,3,2,5,3,1,5,5,2,1,5,1,2,5,5,5,4,3,1,5,3,2,2,1,5,5,4,5,3,3,2,3,5
1/3/2019 18:39:43,Student,Male,2,3,4,3,1,5,5,5,2,5,1,2,4,3,5,3,1,1,,4,3,,,,4,3,2,3,,,,5
1/3/2019 18:43:24,Student,Male,4,2,5,3,5,5,4,5,5,5,5,4,4,4,4,3,3,2,4,4,2,2,3,3,5,3,3,4,3,3,3,4
1/3/2019 18:52:28,Student,Male,1,3,4,2,1,3,3,2,4,4,1,1,3,1,5,2,2,2,5,3,3,4,3,3,4,2,3,4,2,1,1,4
1/3/2019 18:53:22,Student,Male,3,4,5,3,1,5,4,1,1,5,2,4,4,2,3,3,1,1,4,4,4,,,,5,3,3,,4,,,5
1/3/2019 18:55:10,Student,Male,3,1,5,4,1,5,5,5,1,5,5,1,5,2,5,3,1,3,5,5,5,5,3,3,5,5,5,5,5,3,3,1
1/3/2019 18:57:55,Student,Male,3,3,4,2,2,5,5,1,3,4,1,4,4,2,5,1,3,3,5,4,5,5,3,3,5,4,4,3,3,3,3,4
1/3/2019 19:03:43,Student,Male,5,5,5,5,3,5,5,3,1,5,3,1,5,5,3,3,5,,5,3,5,3,3,3,3,4,3,4,4,5,2,5
1/3/2019 19:03:53,Student,Male,3,4,5,1,1,5,5,3,4,5,2,4,1,4,5,5,2,5,5,3,4,1,3,3,4,4,2,2,2,3,3,4
1/3/2019 19:07:05,Student,Female,4,4,3,3,1,4,4,3,4,3,4,3,3,4,4,5,3,1,5,4,4,3,,,4,4,3,2,,,,5
1/3/2019 19:07:08,Student,Male,4,1,5,3,,2,3,2,3,5,3,,4,,4,1,1,,,,5,,,,,3,1,,,4,,4
1/3/2019 19:09:29,Student,Female,3,1,4,5,1,5,5,1,2,5,2,1,4,2,4,1,1,3,5,5,2,4,3,3,5,2,4,3,3,3,5,4
1/3/2019 19:11:10,Student,Male,2,2,5,3,1,5,5,2,2,1,3,1,5,5,5,2,5,2,5,,5,2,2,2,5,2,5,5,1,3,1,5
1/3/2019 19:12:34,Student,Male,4,2,3,3,2,5,5,2,3,5,1,3,5,3,5,2,1,2,3,3,3,4,4,3,5,5,4,5,4,4,2,5
1/3/2019 19:13:50,Student,Male,4,1,5,4,2,5,5,4,2,4,4,2,5,4,5,3,2,5,4,2,2,4,2,3,4,3,3,3,3,3,2,4
1/3/2019 19:16:12,Student,Female,4,4,3,3,2,3,4,3,2,3,1,1,5,5,4,3,5,4,5,5,5,3,3,3,5,4,5,3,4,3,3,4
1/3/2019 19:18:38,Student,Male,3,4,3,2,1,5,5,5,1,4,3,3,4,4,5,3,2,4,5,1,4,5,3,3,5,5,2,4,2,4,1,5
1/3/2019 19:19:12,Student,Male,3,1,4,4,1,5,5,4,4,5,4,2,4,1,4,2,5,5,5,1,1,3,3,3,5,4,3,5,3,5,3,4
1/3/2019 19:21:12,Student,Male,2,1,5,5,1,5,5,5,1,5,5,3,5,5,5,2,2,2,3,2,4,4,4,3,5,3,3,4,1,3,1,2
1/3/2019 19:25:48,Student,Male,3,1,5,3,3,4,4,2,3,4,2,1,4,5,3,2,1,2,4,3,3,4,,,4,2,2,4,,,,4
1/3/2019 19:25:48,Student,Male,4,4,5,3,1,5,4,3,3,5,4,2,1,3,1,4,2,1,5,3,4,5,4,2,5,3,3,4,3,2,1,5
1/3/2019 19:35:45,Student,Male,3,2,1,4,1,5,5,3,2,4,3,2,4,3,3,2,2,1,5,4,4,4,2,2,4,4,4,4,2,4,3,4
1/3/2019 20:25:42,Student,Male,4,3,5,5,1,4,5,5,4,5,3,1,5,4,5,4,2,4,5,4,3,3,3,3,5,3,4,3,3,3,3,5
1/3/2019 20:29:52,Student,Female,3,5,5,4,1,4,4,5,1,3,3,1,5,1,5,4,2,1,5,3,1,3,1,,5,4,5,5,3,1,5,5
1/3/2019 20:37:10,Student,Male,1,2,5,3,1,5,4,3,4,5,2,1,4,3,3,1,1,1,4,3,5,,3,3,4,2,2,4,3,3,3,5
1/3/2019 20:44:41,Student,Male,4,4,4,4,2,3,3,4,3,2,2,3,4,4,5,2,4,1,5,4,4,4,4,4,4,4,4,4,4,4,4,4
1/3/2019 20:52:21,Student,Male,4,2,4,5,1,5,5,2,4,4,1,1,5,2,4,2,2,2,3,3,4,3,3,3,4,3,3,2,2,4,3,5
1/3/2019 21:01:31,Student,Female,4,2,3,5,1,2,4,4,3,3,2,1,4,5,5,3,5,4,3,3,3,4,3,3,3,2,4,3,5,5,4,4
1/3/2019 21:02:53,Student,Female,4,4,4,3,1,5,5,2,3,3,1,1,5,4,5,2,2,2,5,3,4,3,3,3,4,3,5,4,5,5,3,5
1/3/2019 21:08:10,Student,Male,4,1,5,4,4,5,5,2,4,5,1,1,2,2,5,2,2,3,3,3,5,5,3,3,4,4,2,3,1,3,3,3
1/3/2019 21:09:45,Student,Male,4,4,3,3,1,5,5,2,1,3,1,2,4,4,4,1,5,1,5,4,4,1,3,3,3,4,5,2,2,3,3,5
1/3/2019 21:10:20,Student,Female,4,4,2,5,1,4,4,3,3,4,1,1,3,5,4,1,5,1,4,4,1,1,1,1,2,4,4,1,4,4,1,3
1/3/2019 21:11:47,Student,Male,3,2,4,5,4,4,5,4,2,4,5,4,5,4,4,4,3,4,2,1,4,3,2,2,3,4,3,3,2,4,1,4
1/3/2019 21:16:31,Student,Male,4,4,5,5,1,5,5,3,2,5,5,4,4,4,5,2,3,1,5,3,2,3,3,4,4,4,3,1,2,3,3,5
1/3/2019 21:17:03,Student,Male,3,3,4,4,1,5,4,1,1,3,2,2,4,3,4,1,2,1,4,2,4,5,3,1,2,1,2,2,1,3,1,5
1/3/2019 21:18:35,Student,Female,5,4,5,5,1,5,4,3,3,4,1,3,5,5,5,1,4,2,5,,5,4,,,4,4,3,4,,,5,5
1/3/2019 21:27:25,Student,Male,4,4,4,4,3,5,5,4,2,4,3,3,5,4,4,4,5,3,,4,5,,,,5,5,5,4,,5,,4
1/3/2019 21:38:02,Student,Male,3,4,4,3,1,4,4,1,2,5,4,3,5,2,1,2,2,1,5,3,4,5,4,4,3,5,4,3,3,4,5,5
1/3/2019 21:42:00,Student,Male,1,1,5,1,1,5,3,3,1,4,2,1,3,3,1,1,1,2,4,2,2,3,1,1,2,2,2,3,1,2,3,5
1/3/2019 21:42:49,Student,Male,3,3,5,4,1,5,5,4,4,5,4,3,5,5,5,2,2,4,5,1,5,4,3,3,4,2,2,3,3,3,3,4
1/3/2019 21:45:08,Student,Female,3,3,2,5,1,3,3,1,1,2,1,1,3,4,3,1,4,1,3,4,3,3,3,3,3,5,3,1,2,5,3,5
1/3/2019 21:45:38,Student,Male,3,5,3,4,1,5,5,5,1,3,5,3,5,5,5,2,1,1,5,5,2,5,1,1,4,3,5,5,5,4,4,5
1/3/2019 21:48:49,Student,Male,2,3,5,3,1,5,4,4,2,5,4,4,5,5,5,4,3,4,5,3,4,5,4,3,5,2,3,3,3,4,2,5
1/3/2019 21:51:03,Student,Male,2,2,4,4,1,5,5,3,3,4,3,1,4,5,4,4,3,4,3,2,3,3,3,3,3,3,3,3,3,3,3,4
1/3/2019 21:53:55,Student,Male,5,5,5,5,2,4,3,3,3,4,4,5,4,5,5,4,3,4,5,4,4,5,2,3,5,3,3,5,2,3,3,5
1/3/2019 21:59:07,Student,Male,5,3,4,4,1,5,5,3,1,5,3,2,5,5,5,1,1,1,4,1,4,1,1,1,5,3,4,4,1,1,1,5
1/3/2019 21:59:44,Student,Female,4,5,2,4,1,5,4,3,4,2,1,2,5,5,4,2,4,1,5,5,4,1,1,4,5,4,4,3,2,5,1,5
1/3/2019 22:10:45,Student,Male,3,1,5,4,1,5,5,2,3,5,4,3,5,4,5,1,3,4,4,2,5,5,4,3,5,5,5,3,3,3,3,5
1/3/2019 22:11:10,Student,Male,3,5,4,3,2,4,5,1,1,1,3,1,4,2,4,4,1,2,5,2,2,3,3,2,4,3,3,2,1,2,1,4
1/3/2019 22:25:31,Student,Male,5,4,5,5,3,5,5,3,2,5,5,3,5,5,4,5,3,2,4,3,1,4,4,3,4,5,3,4,5,5,3,5
1/3/2019 22:35:05,Student,Male,4,4,5,4,1,4,4,1,1,5,3,3,4,3,4,2,2,1,4,3,3,3,2,3,5,4,5,2,3,4,3,5
1/3/2019 22:40:04,Student,Female,2,3,5,5,4,5,5,2,4,3,3,4,3,3,3,4,3,3,4,4,,,,4,,5,3,3,5,,,5
1/3/2019 22:42:17,Student,Male,3,3,5,2,5,5,3,4,5,5,4,3,4,1,1,1,1,1,2,3,1,1,1,1,2,5,1,1,1,1,1,4
1/3/2019 22:43:19,Student,Male,4,5,5,5,1,5,5,4,3,5,4,5,4,5,5,3,3,3,4,2,2,3,2,2,4,2,2,3,2,2,2,4
1/3/2019 22:57:50,Student,Female,2,3,4,3,1,5,5,1,4,5,1,1,5,2,5,1,1,2,5,4,4,1,3,1,4,3,3,3,3,2,2,5
1/3/2019 22:59:14,Student,Male,4,5,5,5,1,5,5,3,1,3,3,5,5,5,5,4,5,2,5,3,2,1,,,5,3,5,5,5,5,5,4
1/3/2019 23:12:41,Student,Male,4,1,5,4,1,5,4,5,2,5,1,5,5,5,4,1,1,1,4,3,5,4,3,3,4,4,2,1,5,5,3,3
1/3/2019 23:30:48,Student,Male,1,3,5,1,1,5,5,5,5,5,3,1,5,4,5,1,3,2,,,3,2,3,,5,4,2,,1,,,5
1/3/2019 23:46:17,Student,,3,3,3,3,1,5,5,2,1,4,2,2,3,3,5,4,1,1,5,5,3,4,1,,5,5,4,4,3,1,1,5
1/4/2019 0:12:07,Student,Male,3,4,5,5,5,5,4,1,3,5,3,5,4,5,4,4,3,3,4,4,5,3,,,3,4,4,3,,,,5
1/4/2019 1:03:13,Student,Female,4,5,5,4,1,5,5,4,2,5,3,5,4,5,5,1,1,4,3,4,3,3,3,3,4,4,5,3,3,3,3,5
1/4/2019 1:21:47,Student,Male,3,1,4,4,1,4,4,1,2,4,1,1,4,2,5,1,1,3,2,2,3,3,3,3,3,4,4,5,5,3,3,4
1/4/2019 6:41:56,Student,Female,4,3,1,4,1,5,5,1,5,5,3,2,5,4,1,5,2,2,5,2,3,3,3,3,4,2,5,3,2,2,4,4
1/4/2019 7:05:46,Student,Female,4,1,3,4,1,3,5,2,2,2,3,1,5,4,5,1,1,1,4,4,2,3,3,3,5,4,4,3,3,3,4,4
1/4/2019 7:20:03,Student,Male,3,1,4,3,2,5,5,5,2,2,1,1,3,4,3,3,1,1,2,1,2,2,2,2,2,2,4,3,1,1,5,3
1/4/2019 7:26:32,Student,Female,4,3,4,4,1,3,4,2,1,2,1,1,5,5,4,1,5,1,3,4,1,1,1,1,1,5,3,1,2,1,1,5
1/4/2019 7:31:56,Student,Male,4,3,2,4,1,5,5,3,2,5,2,2,3,4,4,2,4,4,4,2,4,3,3,3,4,4,2,2,4,2,2,4
1/4/2019 7:41:25,Student,Male,2,4,4,5,1,4,4,3,3,1,3,3,5,5,5,4,2,2,5,4,3,3,,,3,3,4,4,,4,5,5
1/4/2019 7:42:37,Student,Female,3,4,3,5,1,4,5,2,1,5,4,2,4,5,5,4,2,1,5,4,3,2,3,3,5,2,3,2,3,4,5,5
1/4/2019 7:44:07,Student,Male,2,3,3,2,1,2,4,3,4,3,3,5,5,4,4,2,1,3,4,1,2,3,2,1,5,1,2,2,1,1,1,5
1/4/2019 7:48:44,Student,Male,4,2,3,3,1,4,5,3,2,4,1,1,4,3,4,1,1,2,5,4,4,5,3,3,5,4,3,4,4,3,3,5
1/4/2019 7:51:13,Student,Male,3,3,4,3,1,5,5,3,3,4,3,4,3,2,5,2,4,2,5,4,3,3,3,3,3,4,4,3,4,3,3,5
1/4/2019 7:53:57,Student,Male,4,3,4,4,1,4,2,2,3,3,3,2,5,5,5,2,3,2,3,3,3,4,3,3,3,3,3,3,3,3,3,3
1/4/2019 7:54:55,Student,Female,3,2,4,1,1,5,5,4,5,4,4,5,1,2,5,5,3,1,2,5,2,1,5,3,4,5,4,1,5,5,4,5
1/4/2019 7:57:54,Student,Male,3,2,4,4,3,5,5,2,2,4,2,3,4,5,5,3,3,3,5,4,4,3,3,3,3,4,4,4,3,3,3,5
1/4/2019 8:03:18,Student,Female,5,2,3,5,1,5,4,2,1,5,1,1,4,4,4,5,3,1,3,4,3,3,4,3,5,4,5,5,4,3,3,5
1/4/2019 8:06:48,Student,Male,4,4,4,4,2,3,4,4,2,4,4,2,4,4,4,3,3,3,4,3,3,3,4,3,4,4,4,2,3,3,2,5
1/4/2019 8:27:08,Student,Male,4,1,4,3,1,5,5,3,2,4,3,5,3,4,5,3,1,2,5,4,4,1,2,3,5,5,2,2,3,4,2,5
1/4/2019 8:33:07,Student,Male,5,3,5,5,1,5,5,4,3,4,2,1,5,5,5,3,2,5,5,3,4,1,3,3,4,4,3,3,3,3,3,4
1/4/2019 8:47:41,Student,Male,4,4,4,4,2,5,4,2,3,4,2,3,4,4,2,4,4,2,4,5,2,3,3,3,5,4,3,3,3,3,3,5
1/4/2019 8:51:22,Student,Female,4,3,3,3,2,5,3,3,2,3,2,1,3,3,3,1,2,3,,4,,,,,5,3,4,1,,,,4
1/4/2019 9:01:15,Student,Male,3,3,4,3,2,4,5,5,4,5,3,5,5,5,5,2,3,1,,3,,5,,,5,5,3,4,3,,,5
1/4/2019 9:21:16,Student,Male,2,3,3,3,1,5,4,1,1,4,2,2,3,3,4,2,1,1,3,1,2,2,2,2,3,3,1,1,1,1,1,3
1/4/2019 9:40:26,Student,Male,3,3,4,4,1,5,5,3,1,4,3,5,4,4,4,2,1,3,3,3,3,4,2,3,4,4,3,3,3,2,2,4
1/4/2019 9:52:46,Student,Male,5,5,2,3,4,4,3,4,4,2,2,1,5,5,3,4,2,1,4,1,1,1,1,1,4,2,3,5,4,5,5,5
1/4/2019 10:09:43,Student,Male,3,3,4,4,1,4,5,4,2,4,4,5,4,3,5,4,2,3,3,4,3,2,3,3,4,4,2,5,3,4,4,3
1/4/2019 10:44:43,Student,Male,5,1,4,4,1,5,5,1,5,5,2,1,5,1,5,1,1,1,5,5,2,1,1,1,2,3,3,2,1,1,4,5
1/4/2019 10:47:21,Student,Female,3,2,5,4,1,5,5,4,1,3,2,1,3,1,3,1,2,1,5,4,3,,,,4,3,4,5,5,4,,5
1/4/2019 10:48:29,Student,Female,5,5,4,5,1,5,5,3,1,4,4,1,5,5,5,2,1,1,4,2,1,5,1,1,4,5,5,4,3,2,5,5
1/4/2019 12:05:26,Student,Male,4,1,5,5,2,5,5,2,1,4,4,1,5,1,5,1,1,1,5,5,4,3,3,3,4,5,3,5,4,3,5,5
1/4/2019 12:44:08,Student,Male,4,1,5,4,1,4,4,2,3,5,2,1,4,3,4,1,2,1,4,2,3,2,3,2,3,1,3,3,2,5,2,5
1/4/2019 13:19:21,Student,Male,5,1,5,5,1,5,5,4,2,4,1,1,5,2,5,1,3,1,4,2,4,4,3,1,4,4,4,4,1,1,1,4
1/4/2019 14:02:47,Student,Male,4,2,5,4,2,5,5,4,2,5,5,1,5,3,5,2,2,1,4,3,5,4,3,3,4,4,5,4,3,3,3,4
1/4/2019 14:40:31,Student,Male,4,3,2,4,4,5,5,2,4,3,1,3,4,5,4,2,3,2,4,3,5,3,4,,2,4,3,,,,,4
1/4/2019 15:14:50,Student,Male,4,3,5,5,1,5,5,3,3,5,4,4,5,5,5,3,2,1,,2,1,,,,4,3,3,1,,,,5
1/4/2019 15:28:09,Student,Male,4,1,5,4,1,5,5,1,2,3,2,1,2,1,4,4,1,1,5,3,4,5,1,1,4,4,3,5,2,,1,5
1/4/2019 15:42:55,Student,Female,3,1,4,5,1,5,5,1,3,3,4,1,2,5,4,3,2,1,3,5,3,3,3,3,3,4,4,3,5,3,4,4
1/4/2019 16:00:43,Student,Female,4,3,5,4,1,2,2,2,1,2,1,1,4,5,4,2,2,2,4,4,5,3,2,3,4,3,5,3,4,3,3,5
1/4/2019 17:02:26,Student,Female,5,1,4,4,2,3,3,2,3,4,1,1,5,3,5,1,1,1,3,5,3,2,1,1,5,4,5,1,4,5,5,5
1/4/2019 17:31:24,Student,Male,5,5,5,5,1,5,5,3,3,5,4,3,4,5,5,5,1,3,5,3,5,3,3,3,5,5,3,3,3,3,3,5
1/4/2019 18:32:26,Student,Male,2,2,3,3,2,5,2,3,3,4,1,4,3,3,1,1,1,2,,,4,,,,,,2,,,,,
1/4/2019 23:31:52,Student,Male,4,2,5,3,1,5,5,1,2,4,3,2,5,1,5,1,2,1,4,2,3,5,1,1,3,3,4,4,2,3,1,4
1/4/2019 23:50:02,Student,Male,3,2,5,4,1,5,5,4,1,5,2,1,4,3,5,4,1,4,5,2,4,4,2,1,5,2,4,4,2,1,1,5
1/5/2019 12:36:01,Student,Female,5,2,4,5,1,5,5,1,2,4,1,2,4,4,5,2,,2,3,3,2,2,3,4,3,3,4,4,5,4,4,5
1/5/2019 14:12:58,Student,Male,1,3,5,3,2,5,5,3,3,4,3,5,3,3,5,3,3,2,5,2,5,5,3,3,4,5,3,5,3,3,3,5
1/5/2019 17:58:08,Student,Female,3,2,1,5,5,2,5,4,2,1,4,4,5,2,1,3,4,4,5,4,2,5,3,3,3,4,5,3,3,5,4,5
1/5/2019 19:53:52,Student,Male,5,5,4,4,2,5,5,2,1,4,2,4,3,4,4,3,1,1,3,3,2,2,4,3,3,2,2,2,3,3,3,2
1/5/2019 23:10:39,Student,Female,5,5,4,5,3,5,4,1,3,4,3,5,4,4,3,4,5,5,5,4,3,3,2,4,3,3,4,4,4,5,2,4
1/6/2019 13:26:03,Student,Male,3,3,2,4,1,5,5,1,1,3,1,1,3,1,4,2,1,4,3,3,4,3,3,3,4,3,3,2,3,3,3,3
1/6/2019 15:28:52,Student,Male,3,3,4,4,3,5,5,3,4,4,3,3,4,2,3,3,2,2,4,4,4,3,3,3,3,3,3,3,3,3,3,3
1/6/2019 16:37:00,Student,Male,4,2,5,3,1,5,4,4,3,5,3,2,4,3,5,2,1,4,5,3,4,4,3,2,5,3,2,5,3,4,2,3
1/6/2019 20:19:50,Student,Male,2,4,5,2,1,5,4,3,2,4,3,5,4,5,5,3,1,1,5,1,1,2,2,2,4,3,3,2,1,3,2,5
1/6/2019 20:53:11,Student,Male,2,3,3,5,1,5,5,4,2,5,2,5,5,3,5,1,1,1,5,4,5,3,1,1,3,3,2,4,1,1,5,3
1/6/2019 22:26:05,Student,Male,4,2,5,5,4,5,5,4,4,5,4,4,3,2,4,3,3,3,3,2,3,4,3,3,5,3,4,4,3,3,3,5
1/6/2019 23:20:29,Student,Male,4,3,5,5,1,5,5,1,1,4,1,3,5,5,4,1,1,1,4,4,4,4,5,1,4,4,2,5,1,5,3,4
1/7/2019 7:49:52,Student,Male,5,5,5,4,1,5,4,3,2,4,3,2,4,4,4,3,4,3,5,5,4,4,,,5,4,4,,,4,,5
1/7/2019 11:31:15,Student,Male,4,2,4,3,1,5,5,3,3,4,2,1,4,4,5,1,1,3,2,2,3,1,1,1,4,4,3,1,3,1,1,4
1/7/2019 13:29:09,Student,Female,3,4,3,4,3,3,2,1,3,4,2,1,3,5,4,4,3,3,3,4,2,1,2,1,3,3,3,1,2,3,4,5
1/7/2019 13:36:02,Student,Male,5,3,5,3,1,5,5,1,2,5,1,5,5,5,5,3,5,1,5,5,1,3,3,3,5,5,5,3,5,5,3,5
1/7/2019 23:02:53,Student,Female,4,5,5,5,5,5,4,4,2,5,5,3,4,5,5,4,5,3,5,4,4,5,3,5,3,3,4,4,3,5,3,3
1/8/2019 0:13:13,Student,Female,3,3,5,3,1,5,4,4,1,4,3,3,3,5,5,1,3,1,5,3,3,3,3,3,5,4,5,3,3,3,3,5
1/8/2019 8:10:01,Student,Male,1,1,5,5,2,5,5,3,3,5,3,2,5,4,5,4,2,2,2,2,2,4,3,3,5,4,4,5,3,5,3,3